"DESCRIPTION","DURATION IN MS","NAME","PARENT SUITE","START TIME","STATUS","STOP TIME","SUB SUITE","SUITE","TEST CLASS","TEST METHOD"
"","4403","test_filter_get_message_with_valid_payloads","tests.filter","Thu Mar 05 04:33:37 UTC 2026","passed","Thu Mar 05 04:33:41 UTC 2026","TestFilterGetMessages","test_get_messages","",""
"","3827","test_admin_peers_mesh_on_shard_contains_node2","tests.rest_flags","Thu Mar 05 04:35:53 UTC 2026","passed","Thu Mar 05 04:35:57 UTC 2026","TestAdminFlags","test_admin_flags","",""
"","5427","test_store","tests.discv5","Thu Mar 05 04:32:19 UTC 2026","passed","Thu Mar 05 04:32:24 UTC 2026","TestDiscv5","test_discv5","",""
"","4006","test_2_receiving_nodes__relay_node1_forwards_lightpushed_message_to_relay_node2","tests.light_push","Thu Mar 05 04:37:18 UTC 2026","passed","Thu Mar 05 04:37:22 UTC 2026","TestMultipleNodes","test_multiple_nodes","",""
"","4","test_filter_subscribe_with_extra_field","tests.filter","Thu Mar 05 04:34:58 UTC 2026","passed","Thu Mar 05 04:34:58 UTC 2026","TestFilterSubscribeCreate","test_subscribe_create","",""
"","8331","test_store_with_multiple_hashes","tests.store","Thu Mar 05 04:35:19 UTC 2026","passed","Thu Mar 05 04:35:28 UTC 2026","TestHashes","test_hashes","",""
"","1714","test_get_store_messages_with_different_content_topics","tests.store","Thu Mar 05 04:37:08 UTC 2026","passed","Thu Mar 05 04:37:10 UTC 2026","TestGetMessages","test_get_messages","",""
"","70261","test_relay_4_nodes_sender_packet_loss_50_15sec_timeout","tests.e2e","Thu Mar 05 04:32:17 UTC 2026","passed","Thu Mar 05 04:33:27 UTC 2026","TestNetworkConditions","test_network_conditions","",""
"","1461","test_publishing_node_paused_and_unpaused","tests.store","Thu Mar 05 04:36:11 UTC 2026","passed","Thu Mar 05 04:36:12 UTC 2026","TestReliability","test_reliability","",""
"","8545","test_store_with_hashes","tests.store","Thu Mar 05 04:34:19 UTC 2026","passed","Thu Mar 05 04:34:28 UTC 2026","TestHashes","test_hashes","",""
"","41293","test_msg_not_stored_when_ephemeral_true","tests.e2e","Thu Mar 05 04:32:09 UTC 2026","passed","Thu Mar 05 04:32:50 UTC 2026","TestE2E","test_e2e","",""
"","115","test_publish_with_valid_version","tests.relay","Thu Mar 05 04:34:38 UTC 2026","passed","Thu Mar 05 04:34:38 UTC 2026","TestRelayPublish","test_publish","",""
"","45","test_store_with_both_pubsub_topic_and_content_topic","tests.store","Thu Mar 05 04:38:28 UTC 2026","passed","Thu Mar 05 04:38:28 UTC 2026","TestTopics","test_topics","",""
"","2647","test_cant_retrieve_messages_on_not_subscribed_content_topic","tests.sharding","Thu Mar 05 04:37:58 UTC 2026","passed","Thu Mar 05 04:38:01 UTC 2026","TestRelayAutosharding","test_relay_auto_sharding","",""
"","224","test_publish_and_retrieve_duplicate_message","tests.relay","Thu Mar 05 04:34:00 UTC 2026","passed","Thu Mar 05 04:34:00 UTC 2026","TestRelayPublish","test_publish","",""
"","3911","test_content_topic_not_in_docker_flags","tests.sharding","Thu Mar 05 04:36:15 UTC 2026","failed","Thu Mar 05 04:36:19 UTC 2026","TestRunningNodesAutosharding","test_running_nodes_auto_sharding","",""
"","5","test_store_with_empty_pubsub_topics","tests.store","Thu Mar 05 04:37:28 UTC 2026","passed","Thu Mar 05 04:37:28 UTC 2026","TestTopics","test_topics","",""
"","4816","test_unsubscribe_from_non_subscribed_content_topics","tests.sharding","Thu Mar 05 04:38:38 UTC 2026","passed","Thu Mar 05 04:38:43 UTC 2026","TestRelayAutosharding","test_relay_auto_sharding","",""
"","2080","test_empty_cursor","tests.store","Thu Mar 05 04:38:51 UTC 2026","passed","Thu Mar 05 04:38:53 UTC 2026","TestCursor","test_cursor","",""
"","221","test_filter_get_message_duplicate_message","tests.filter","Thu Mar 05 04:37:08 UTC 2026","passed","Thu Mar 05 04:37:08 UTC 2026","TestFilterGetMessages","test_get_messages","",""
"","2512","test_admin_service_peers_schema","tests.rest_flags","Thu Mar 05 04:34:08 UTC 2026","passed","Thu Mar 05 04:34:11 UTC 2026","TestAdminFlags","test_admin_flags","",""
"","3662","test_publish_on_multiple_content_topics_and_only_after_fetch_them[content_topic_list1]","tests.sharding","Thu Mar 05 04:37:44 UTC 2026","passed","Thu Mar 05 04:37:47 UTC 2026","TestRelayAutosharding","test_relay_auto_sharding","",""
"","4784","test_filter_get_message_after_one_peer_was_stopped","tests.filter","Thu Mar 05 04:38:24 UTC 2026","passed","Thu Mar 05 04:38:29 UTC 2026","TestFilterMultipleNodes","test_multiple_nodes","",""
"","5","test_filter_update_subscription_with_invalid_request_id","tests.filter","Thu Mar 05 04:38:34 UTC 2026","passed","Thu Mar 05 04:38:34 UTC 2026","TestFilterSubscribeUpdate","test_subscribe_update","",""
"","27","test_filter_ping_on_unsubscribed_peer","tests.filter","Thu Mar 05 04:35:05 UTC 2026","passed","Thu Mar 05 04:35:05 UTC 2026","TestFilterPing","test_ping","",""
"","1422","test_light_push_after_light_push_node_restarts","tests.light_push","Thu Mar 05 04:34:22 UTC 2026","failed","Thu Mar 05 04:34:23 UTC 2026","TestLightPushPublish","test_publish","",""
"","837","test_store_with_invalid_hash","tests.store","Thu Mar 05 04:36:06 UTC 2026","passed","Thu Mar 05 04:36:07 UTC 2026","TestHashes","test_hashes","",""
"","9932","test_auto_shard_relay","tests.sharding","Thu Mar 05 04:40:45 UTC 2026","passed","Thu Mar 05 04:40:55 UTC 2026","TestMultipleNodes","test_multiple_nodes","",""
"","4","test_filter_update_subscription_with_no_content_topic","tests.filter","Thu Mar 05 04:37:12 UTC 2026","passed","Thu Mar 05 04:37:12 UTC 2026","TestFilterSubscribeUpdate","test_subscribe_update","",""
"","5023","test_admin_connected_peers_contains_peers_only","tests.rest_flags","Thu Mar 05 04:34:49 UTC 2026","passed","Thu Mar 05 04:34:54 UTC 2026","TestAdminFlags","test_admin_flags","",""
"","17007","test_different_page_size[81]","tests.store","Thu Mar 05 04:38:43 UTC 2026","passed","Thu Mar 05 04:39:00 UTC 2026","TestPageSize","test_page_size","",""
"","2692","test_unsubscribe_from_all_pubsub_topics_one_by_one","tests.sharding","Thu Mar 05 04:34:44 UTC 2026","failed","Thu Mar 05 04:34:47 UTC 2026","TestRelayStaticSharding","test_relay_static_sharding","",""
"","839","test_store_with_duplicate_hashes","tests.store","Thu Mar 05 04:34:31 UTC 2026","passed","Thu Mar 05 04:34:32 UTC 2026","TestHashes","test_hashes","",""
"","9435","test_metrics_after_light_push","tests.metrics","Thu Mar 05 04:38:48 UTC 2026","passed","Thu Mar 05 04:38:58 UTC 2026","TestMetrics","test_metrics","",""
"","2777","test_main_node_only_relay__peer_only_relay","tests.store","Thu Mar 05 04:35:38 UTC 2026","passed","Thu Mar 05 04:35:40 UTC 2026","TestRunningNodes","test_running_nodes","",""
"","7036","test_publish_after_node1_restarts","tests.relay","Thu Mar 05 04:41:53 UTC 2026","passed","Thu Mar 05 04:42:00 UTC 2026","TestRelayPublish","test_publish","",""
"","2922","test_single_content_topic[/waku/2/content/test.js]","tests.sharding","Thu Mar 05 04:42:21 UTC 2026","passed","Thu Mar 05 04:42:24 UTC 2026","TestRunningNodesAutosharding","test_running_nodes_auto_sharding","",""
"","846","test_invalid_hash_param","tests.store","Thu Mar 05 04:34:55 UTC 2026","passed","Thu Mar 05 04:34:56 UTC 2026","TestHashes","test_hashes","",""
"","5252","test_relay","tests.discv5","Thu Mar 05 04:32:36 UTC 2026","passed","Thu Mar 05 04:32:41 UTC 2026","TestDiscv5","test_discv5","",""
"","4","test_publish_on_non_subscribed_pubsub_topic","tests.relay","Thu Mar 05 04:34:52 UTC 2026","passed","Thu Mar 05 04:34:52 UTC 2026","TestRelayPublish","test_publish","",""
"","18","test_publish_with_invalid_payloads","tests.relay","Thu Mar 05 04:33:40 UTC 2026","passed","Thu Mar 05 04:33:40 UTC 2026","TestRelayPublish","test_publish","",""
"","5085","test_unsubscribe_from_some_content_topics[content_topic_list0]","tests.sharding","Thu Mar 05 04:34:57 UTC 2026","passed","Thu Mar 05 04:35:02 UTC 2026","TestRelayAutosharding","test_relay_auto_sharding","",""
"","4565","test_publish_with_valid_payloads","tests.relay","Thu Mar 05 04:40:36 UTC 2026","passed","Thu Mar 05 04:40:41 UTC 2026","TestRelayPublish","test_publish","",""
"","18","test_light_push_with_invalid_pubsub_topics","tests.light_push","Thu Mar 05 04:34:17 UTC 2026","passed","Thu Mar 05 04:34:17 UTC 2026","TestLightPushPublish","test_publish","",""
"","123329","test_store_sync_high_jitter_stress","tests.store_sync","Thu Mar 05 04:35:24 UTC 2026","passed","Thu Mar 05 04:37:28 UTC 2026","TestStoreSync","test_store_sync","",""
"","7","test_store_with_unknown_content_topic","tests.store","Thu Mar 05 04:35:46 UTC 2026","passed","Thu Mar 05 04:35:46 UTC 2026","TestTopics","test_topics","",""
"","4","test_filter_get_message_with_extra_field","tests.filter","Thu Mar 05 04:38:21 UTC 2026","passed","Thu Mar 05 04:38:21 UTC 2026","TestFilterGetMessages","test_get_messages","",""
"","837","test_passing_cursor_of_non_existing_message_from_the_store","tests.store","Thu Mar 05 04:35:02 UTC 2026","passed","Thu Mar 05 04:35:03 UTC 2026","TestCursor","test_cursor","",""
"","2504","test_admin_service_peers_scalar_required_types","tests.rest_flags","Thu Mar 05 04:37:53 UTC 2026","passed","Thu Mar 05 04:37:55 UTC 2026","TestAdminFlags","test_admin_flags","",""
"","17884","test_relay_2_nodes_bandwidth_low_vs_high_drain_time","tests.e2e","Thu Mar 05 04:40:48 UTC 2026","failed","Thu Mar 05 04:41:06 UTC 2026","TestNetworkConditions","test_network_conditions","",""
"","836","test_store_with_wrong_hash","tests.store","Thu Mar 05 04:37:18 UTC 2026","passed","Thu Mar 05 04:37:18 UTC 2026","TestHashes","test_hashes","",""
"","0","test_get_peers_two_protocols","tests.peer_connection_management","Thu Mar 05 04:35:42 UTC 2026","skipped","Thu Mar 05 04:35:42 UTC 2026","TestPeerStore","test_peer_store","",""
"","15709","test_relay_2_nodes_low_bandwidth_reliability","tests.e2e","Thu Mar 05 04:36:23 UTC 2026","passed","Thu Mar 05 04:36:39 UTC 2026","TestNetworkConditions","test_network_conditions","",""
"","1746","test_filter_get_50_messages","tests.filter","Thu Mar 05 04:39:43 UTC 2026","passed","Thu Mar 05 04:39:45 UTC 2026","TestFilterGetMessages","test_get_messages","",""
"","4111","test_all_nodes_subscribed_to_the_topic","tests.filter","Thu Mar 05 04:33:26 UTC 2026","passed","Thu Mar 05 04:33:30 UTC 2026","TestFilterMultipleNodes","test_multiple_nodes","",""
"","3","test_publish_with_missing_content_topic","tests.relay","Thu Mar 05 04:34:48 UTC 2026","passed","Thu Mar 05 04:34:48 UTC 2026","TestRelayPublish","test_publish","",""
"","6377","test_content_topic_and_pubsub_topic_not_in_docker_flags","tests.sharding","Thu Mar 05 04:35:36 UTC 2026","passed","Thu Mar 05 04:35:43 UTC 2026","TestRunningNodesAutosharding","test_running_nodes_auto_sharding","",""
"","1258","test_time_filter_end_time_now","tests.store","Thu Mar 05 04:34:51 UTC 2026","passed","Thu Mar 05 04:34:52 UTC 2026","TestTimeFilter","test_time_filter","",""
"","213","test_store_with_wrong_url_pubsub_topic","tests.store","Thu Mar 05 04:38:38 UTC 2026","passed","Thu Mar 05 04:38:38 UTC 2026","TestTopics","test_topics","",""
"","2218","test_publish_after_node2_restarts","tests.relay","Thu Mar 05 04:37:36 UTC 2026","passed","Thu Mar 05 04:37:39 UTC 2026","TestRelayPublish","test_publish","",""
"","2426","test_admin_peer_by_id","tests.rest_flags","Thu Mar 05 04:35:46 UTC 2026","passed","Thu Mar 05 04:35:48 UTC 2026","TestAdminFlags","test_admin_flags","",""
"","0","test_use_persistent_storage_survive_restart","tests.peer_connection_management","Thu Mar 05 04:34:36 UTC 2026","skipped","Thu Mar 05 04:34:36 UTC 2026","TestPeerStore","test_peer_store","",""
"","6","test_store_with_multiple_content_topics","tests.store","Thu Mar 05 04:39:14 UTC 2026","passed","Thu Mar 05 04:39:14 UTC 2026","TestTopics","test_topics","",""
"","2076","test_cursor_equal_to_first_message","tests.store","Thu Mar 05 04:38:18 UTC 2026","passed","Thu Mar 05 04:38:20 UTC 2026","TestCursor","test_cursor","",""
"","3827","test_admin_service_peers_contains_expected_addrs_and_protocols","tests.rest_flags","Thu Mar 05 04:33:50 UTC 2026","passed","Thu Mar 05 04:33:54 UTC 2026","TestAdminFlags","test_admin_flags","",""
"","4162","test_different_cursor_and_indexes[3-20]","tests.store","Thu Mar 05 04:34:54 UTC 2026","passed","Thu Mar 05 04:34:59 UTC 2026","TestCursor","test_cursor","",""
"","38241","test_filter_node_not_connected_directly_to_relaying_node","tests.e2e","Thu Mar 05 04:32:16 UTC 2026","passed","Thu Mar 05 04:32:54 UTC 2026","TestE2E","test_e2e","",""
"","16637","test_static_shard_relay_10_nwaku_nodes","tests.sharding","Thu Mar 05 04:37:10 UTC 2026","passed","Thu Mar 05 04:37:26 UTC 2026","TestMultipleNodes","test_multiple_nodes","",""
"","4367","test_check_sync_when_all_3_nodes_publish","tests.store_sync","Thu Mar 05 04:39:43 UTC 2026","passed","Thu Mar 05 04:39:48 UTC 2026","TestStoreSync","test_store_sync","",""
"","9","test_store_with_not_valid_content_topic","tests.store","Thu Mar 05 04:37:23 UTC 2026","passed","Thu Mar 05 04:37:23 UTC 2026","TestTopics","test_topics","",""
"","3220","test_subscribe_and_publish_on_another_content_topic_from_another_shard","tests.sharding","Thu Mar 05 04:34:48 UTC 2026","passed","Thu Mar 05 04:34:52 UTC 2026","TestRelayAutosharding","test_relay_auto_sharding","",""
"","3076","test_publish_without_subscribing_via_api_works","tests.sharding","Thu Mar 05 04:37:33 UTC 2026","passed","Thu Mar 05 04:37:36 UTC 2026","TestRelayAutosharding","test_relay_auto_sharding","",""
"","6223","test_page_size_0_defaults_to_20","tests.store","Thu Mar 05 04:38:33 UTC 2026","passed","Thu Mar 05 04:38:39 UTC 2026","TestPageSize","test_page_size","",""
"","4","test_filter_unsubscribe_with_extra_field","tests.filter","Thu Mar 05 04:38:41 UTC 2026","passed","Thu Mar 05 04:38:41 UTC 2026","TestFilterUnSubscribe","test_unsubscribe","",""
"","0","test_valid_payloads_at_slow_rate","tests.relay","Thu Mar 05 04:31:51 UTC 2026","skipped","Thu Mar 05 04:31:51 UTC 2026","TestRelayRLN","test_rln","",""
"","4156","test_optional_nodes_not_subscribed_to_same_topic","tests.filter","Thu Mar 05 04:33:15 UTC 2026","passed","Thu Mar 05 04:33:19 UTC 2026","TestFilterMultipleNodes","test_multiple_nodes","",""
"","4378","test_unsubscribe_from_some_pubsub_topics","tests.sharding","Thu Mar 05 04:41:21 UTC 2026","passed","Thu Mar 05 04:41:25 UTC 2026","TestRelayStaticSharding","test_relay_static_sharding","",""
"","4186","test_filter_auto_sharding_multiple_content_topics","tests.sharding","Thu Mar 05 04:33:57 UTC 2026","passed","Thu Mar 05 04:34:01 UTC 2026","TestFilterAutoSharding","test_filter","",""
"","787","test_publishing_node_is_stopped","tests.store","Thu Mar 05 04:43:06 UTC 2026","passed","Thu Mar 05 04:43:07 UTC 2026","TestReliability","test_reliability","",""
"","124","test_filter_unsubscribe_from_non_existing_content_topic","tests.filter","Thu Mar 05 04:33:10 UTC 2026","passed","Thu Mar 05 04:33:10 UTC 2026","TestFilterUnSubscribe","test_unsubscribe","",""
"","335519","test_latency_with_load_sender_side","tests.e2e","Thu Mar 05 04:34:31 UTC 2026","passed","Thu Mar 05 04:40:06 UTC 2026","TestNetworkConditions","test_network_conditions","",""
"","5204","test_unsubscribe_from_all_content_topics","tests.sharding","Thu Mar 05 04:37:37 UTC 2026","passed","Thu Mar 05 04:37:42 UTC 2026","TestRelayAutosharding","test_relay_auto_sharding","",""
"","1252","test_time_filter_matches_no_message","tests.store","Thu Mar 05 04:35:16 UTC 2026","passed","Thu Mar 05 04:35:17 UTC 2026","TestTimeFilter","test_time_filter","",""
"","2087","test_passing_cursor_of_the_last_message_from_the_store","tests.store","Thu Mar 05 04:36:46 UTC 2026","passed","Thu Mar 05 04:36:48 UTC 2026","TestCursor","test_cursor","",""
"","836","test_store_with_empty_and_valid_hash","tests.store","Thu Mar 05 04:38:28 UTC 2026","passed","Thu Mar 05 04:38:29 UTC 2026","TestHashes","test_hashes","",""
"","3699","test_retrieve_messages_without_subscribing_via_api","tests.sharding","Thu Mar 05 04:38:33 UTC 2026","passed","Thu Mar 05 04:38:37 UTC 2026","TestRelayAutosharding","test_relay_auto_sharding","",""
"","2785","test_main_node_only_relay__peer_only_store","tests.store","Thu Mar 05 04:39:34 UTC 2026","passed","Thu Mar 05 04:39:37 UTC 2026","TestRunningNodes","test_running_nodes","",""
"","4","test_store_with_wrong_encoding_pubsubtopic","tests.store","Thu Mar 05 04:35:38 UTC 2026","passed","Thu Mar 05 04:35:38 UTC 2026","TestTopics","test_topics","",""
"","2821","test_main_node_relay_and_store__peer_neither_relay_nor_store","tests.store","Thu Mar 05 04:38:10 UTC 2026","passed","Thu Mar 05 04:38:13 UTC 2026","TestRunningNodes","test_running_nodes","",""
"","3062","test_publish_on_not_subscribed_content_topic_works","tests.sharding","Thu Mar 05 04:34:53 UTC 2026","passed","Thu Mar 05 04:34:56 UTC 2026","TestRelayAutosharding","test_relay_auto_sharding","",""
"","31112","test_extreme_number_page_size","tests.store","Thu Mar 05 04:37:38 UTC 2026","passed","Thu Mar 05 04:38:09 UTC 2026","TestPageSize","test_page_size","",""
"","37505","test_filter_node_not_connected_directly_to_lightpushing_node","tests.e2e","Thu Mar 05 04:32:32 UTC 2026","passed","Thu Mar 05 04:33:10 UTC 2026","TestE2E","test_e2e","",""
"","215","test_message_with_ephemeral_false","tests.store","Thu Mar 05 04:41:44 UTC 2026","passed","Thu Mar 05 04:41:44 UTC 2026","TestEphemeral","test_ephemeral","",""
"","4976","test_combination_of_different_nodes","tests.light_push","Thu Mar 05 04:33:02 UTC 2026","passed","Thu Mar 05 04:33:07 UTC 2026","TestMultipleNodes","test_multiple_nodes","",""
"","28","test_light_push_with_invalid_timestamps","tests.light_push","Thu Mar 05 04:40:14 UTC 2026","passed","Thu Mar 05 04:40:14 UTC 2026","TestLightPushPublish","test_publish","",""
"","239","test_filter_unsubscribe_from_all_subscribed_content_topics","tests.filter","Thu Mar 05 04:35:05 UTC 2026","passed","Thu Mar 05 04:35:05 UTC 2026","TestFilterUnSubscribe","test_unsubscribe","",""
"","422","test_messages_with_timestamps_far_from_now","tests.store","Thu Mar 05 04:36:22 UTC 2026","passed","Thu Mar 05 04:36:22 UTC 2026","TestTimeFilter","test_time_filter","",""
"","131","test_first_node_to_start_publishes","tests.relay","Thu Mar 05 04:33:21 UTC 2026","passed","Thu Mar 05 04:33:21 UTC 2026","TestRelayMultipleNodes","test_multiple_nodes","",""
"","646184","test_query_after_long_time","tests.store_sync","Thu Mar 05 04:39:42 UTC 2026","passed","Thu Mar 05 04:50:29 UTC 2026","TestStoreSync","test_store_sync","",""
"","3757","test_publish_on_multiple_pubsub_topics_and_only_after_fetch_them","tests.sharding","Thu Mar 05 04:36:01 UTC 2026","passed","Thu Mar 05 04:36:04 UTC 2026","TestRelayStaticSharding","test_relay_static_sharding","",""
"","3","test_relay_no_subscription","tests.relay","Thu Mar 05 04:37:42 UTC 2026","passed","Thu Mar 05 04:37:42 UTC 2026","TestRelaySubscribe","test_subscribe","",""
"","218","test_get_store_message_with_meta","tests.store","Thu Mar 05 04:34:42 UTC 2026","passed","Thu Mar 05 04:34:43 UTC 2026","TestGetMessages","test_get_messages","",""
"","12","test_light_push_with_with_large_meta","tests.light_push","Thu Mar 05 04:33:53 UTC 2026","passed","Thu Mar 05 04:33:53 UTC 2026","TestLightPushPublish","test_publish","",""
"","0","test_peer_store_content_after_node2_restarts","tests.peer_connection_management","Thu Mar 05 04:34:29 UTC 2026","skipped","Thu Mar 05 04:34:29 UTC 2026","TestPeerStore","test_peer_store","",""
"","14636","test_relay_different_latency_between_two_nodes[1000]","tests.e2e","Thu Mar 05 04:32:42 UTC 2026","passed","Thu Mar 05 04:32:57 UTC 2026","TestNetworkConditions","test_network_conditions","",""
"","5335","test_2_receiving_nodes__relay_node1_forwards_lightpushed_message_to_filter_node2","tests.light_push","Thu Mar 05 04:37:25 UTC 2026","passed","Thu Mar 05 04:37:30 UTC 2026","TestMultipleNodes","test_multiple_nodes","",""
"","799","test_publish_with_valid_timestamps","tests.relay","Thu Mar 05 04:35:45 UTC 2026","passed","Thu Mar 05 04:35:46 UTC 2026","TestRelayPublish","test_publish","",""
"","8322","test_different_page_size[39]","tests.store","Thu Mar 05 04:34:50 UTC 2026","passed","Thu Mar 05 04:34:59 UTC 2026","TestPageSize","test_page_size","",""
"","837","test_passing_non_base64_cursor","tests.store","Thu Mar 05 04:38:13 UTC 2026","passed","Thu Mar 05 04:38:14 UTC 2026","TestCursor","test_cursor","",""
"","0","test_valid_payloads_dynamic_at_slow_rate","tests.relay","Thu Mar 05 04:31:51 UTC 2026","skipped","Thu Mar 05 04:31:51 UTC 2026","TestRelayRLN","test_rln","",""
"","0","test_valid_payloads_with_optional_nodes_at_spam_rate","tests.relay","Thu Mar 05 04:31:51 UTC 2026","skipped","Thu Mar 05 04:31:51 UTC 2026","TestRelayRLN","test_rln","",""
"","51207","test_relay_4_nodes_sender_latency","tests.e2e","Thu Mar 05 04:34:02 UTC 2026","passed","Thu Mar 05 04:34:53 UTC 2026","TestNetworkConditions","test_network_conditions","",""
"","5914","test_sync_messages_received_via_lightpush","tests.store_sync","Thu Mar 05 04:35:58 UTC 2026","passed","Thu Mar 05 04:36:04 UTC 2026","TestStoreSync","test_store_sync","",""
"","842","test_relay_unsubscribe_from_some_pubsub_topics","tests.relay","Thu Mar 05 04:35:34 UTC 2026","passed","Thu Mar 05 04:35:35 UTC 2026","TestRelaySubscribe","test_subscribe","",""
"","90568","test_relay_4_nodes_sender_packet_loss_delivery_ratio_simple[loss40]","tests.e2e","Thu Mar 05 04:33:07 UTC 2026","passed","Thu Mar 05 04:34:38 UTC 2026","TestNetworkConditions","test_network_conditions","",""
"","261","test_light_push_with_ephemeral","tests.light_push","Thu Mar 05 04:33:23 UTC 2026","passed","Thu Mar 05 04:33:23 UTC 2026","TestLightPushPublish","test_publish","",""
"","5917","test_sync_nodes_have_store_true","tests.store_sync","Thu Mar 05 04:37:32 UTC 2026","passed","Thu Mar 05 04:37:38 UTC 2026","TestStoreSync","test_store_sync","",""
"","38187","test_relay_receiving_node_not_connected_directly_to_relaying_node","tests.e2e","Thu Mar 05 04:32:12 UTC 2026","passed","Thu Mar 05 04:32:50 UTC 2026","TestE2E","test_e2e","",""
"","228","test_optional_nodes_not_subscribed_to_same_pubsub_topic","tests.relay","Thu Mar 05 04:33:31 UTC 2026","passed","Thu Mar 05 04:33:32 UTC 2026","TestRelayMultipleNodes","test_multiple_nodes","",""
"","39802","test_multiple_edge_service_nodes_communication","tests.e2e","Thu Mar 05 04:32:22 UTC 2026","passed","Thu Mar 05 04:33:02 UTC 2026","TestE2E","test_e2e","",""
"","114","test_filter_get_message_with_meta","tests.filter","Thu Mar 05 04:36:58 UTC 2026","passed","Thu Mar 05 04:36:58 UTC 2026","TestFilterGetMessages","test_get_messages","",""
"","11","test_light_push_on_non_subscribed_pubsub_topic","tests.light_push","Thu Mar 05 04:37:52 UTC 2026","passed","Thu Mar 05 04:37:52 UTC 2026","TestLightPushPublish","test_publish","",""
"","142928","test_filter_many_subscribed_nodes","tests.e2e","Thu Mar 05 04:33:27 UTC 2026","passed","Thu Mar 05 04:35:50 UTC 2026","TestE2E","test_e2e","",""
"","5","test_filter_subscribe_with_no_request_id","tests.filter","Thu Mar 05 04:35:13 UTC 2026","passed","Thu Mar 05 04:35:13 UTC 2026","TestFilterSubscribeCreate","test_subscribe_create","",""
"","10423","test_sync_with_nodes_restart__case2","tests.store_sync","Thu Mar 05 04:39:26 UTC 2026","passed","Thu Mar 05 04:39:36 UTC 2026","TestStoreSync","test_store_sync","",""
"","14906","test_large_message_payload_sync","tests.store_sync","Thu Mar 05 04:39:44 UTC 2026","passed","Thu Mar 05 04:39:59 UTC 2026","TestStoreSync","test_store_sync","",""
"","3945","test_message_relayed_while_store_node_is_stopped_without_removing","tests.store","Thu Mar 05 04:37:20 UTC 2026","passed","Thu Mar 05 04:37:24 UTC 2026","TestReliability","test_reliability","",""
"","123081","test_store_sync_overlap_sync_window","tests.store_sync","Thu Mar 05 04:39:38 UTC 2026","passed","Thu Mar 05 04:41:41 UTC 2026","TestStoreSync","test_store_sync","",""
"","5","test_filter_unsubscribe_with_pubsub_topic_string_instead_of_list","tests.filter","Thu Mar 05 04:33:14 UTC 2026","passed","Thu Mar 05 04:33:14 UTC 2026","TestFilterUnSubscribe","test_unsubscribe","",""
"","2697","test_content_topic_also_in_docker_flags[/aaaaa/3/bbbbb/proto]","tests.sharding","Thu Mar 05 04:42:35 UTC 2026","passed","Thu Mar 05 04:42:38 UTC 2026","TestRunningNodesStaticSharding","test_running_nodes_static_sharding","",""
"","13442","test_filter_subscribe_to_100_content_topics_in_one_call","tests.filter","Thu Mar 05 04:33:08 UTC 2026","passed","Thu Mar 05 04:33:21 UTC 2026","TestFilterSubscribeCreate","test_subscribe_create","",""
"","7980","test_sync_flags","tests.store_sync","Thu Mar 05 04:39:50 UTC 2026","passed","Thu Mar 05 04:39:58 UTC 2026","TestStoreSync","test_store_sync","",""
"","4","test_filter_unsubscribe_with_no_request_id","tests.filter","Thu Mar 05 04:33:25 UTC 2026","passed","Thu Mar 05 04:33:25 UTC 2026","TestFilterUnSubscribe","test_unsubscribe","",""
"","3621","test_node_uses_both_auto_and_regular_apis","tests.sharding","Thu Mar 05 04:36:25 UTC 2026","passed","Thu Mar 05 04:36:29 UTC 2026","TestRunningNodesAutosharding","test_running_nodes_auto_sharding","",""
"","1254","test_time_filter_big_timestamp","tests.store","Thu Mar 05 04:35:06 UTC 2026","passed","Thu Mar 05 04:35:07 UTC 2026","TestTimeFilter","test_time_filter","",""
"","2679","test_single_content_topic[/statusim/1/community/cbor]","tests.sharding","Thu Mar 05 04:34:48 UTC 2026","passed","Thu Mar 05 04:34:51 UTC 2026","TestRunningNodesAutosharding","test_running_nodes_auto_sharding","",""
"","1462","test_store_node_paused_and_unpaused","tests.store","Thu Mar 05 04:39:41 UTC 2026","passed","Thu Mar 05 04:39:42 UTC 2026","TestReliability","test_reliability","",""
"","2088","test_store_sort_ascending[true]","tests.store","Thu Mar 05 04:36:16 UTC 2026","passed","Thu Mar 05 04:36:18 UTC 2026","TestSorting","test_sorting","",""
"","3078","test_single_content_topic[/myapp/1/latest/proto]","tests.sharding","Thu Mar 05 04:37:49 UTC 2026","passed","Thu Mar 05 04:37:52 UTC 2026","TestRunningNodesAutosharding","test_running_nodes_auto_sharding","",""
"","2083","test_negative_number_page_size","tests.store","Thu Mar 05 04:43:00 UTC 2026","passed","Thu Mar 05 04:43:02 UTC 2026","TestPageSize","test_page_size","",""
"","37326","test_admin_relay_peers_contains_all_relay_peers","tests.rest_flags","Thu Mar 05 04:35:06 UTC 2026","passed","Thu Mar 05 04:35:43 UTC 2026","TestAdminFlags","test_admin_flags","",""
"","1255","test_time_filter_start_time_after_end_time","tests.store","Thu Mar 05 04:42:38 UTC 2026","passed","Thu Mar 05 04:42:40 UTC 2026","TestTimeFilter","test_time_filter","",""
"","6272","test_metrics_initial_value","tests.metrics","Thu Mar 05 04:35:24 UTC 2026","passed","Thu Mar 05 04:35:31 UTC 2026","TestMetrics","test_metrics","",""
"","3527","test_admin_relay_peers_schema","tests.rest_flags","Thu Mar 05 04:35:01 UTC 2026","passed","Thu Mar 05 04:35:05 UTC 2026","TestAdminFlags","test_admin_flags","",""
"","70858","test_store_sync_indirect_node","tests.store_sync","Thu Mar 05 04:38:30 UTC 2026","passed","Thu Mar 05 04:39:41 UTC 2026","TestStoreSync","test_store_sync","",""
"","295","test_light_push_with_payload_less_than_150_kb","tests.light_push","Thu Mar 05 04:33:38 UTC 2026","passed","Thu Mar 05 04:33:38 UTC 2026","TestLightPushPublish","test_publish","",""
"","3102","test_filter_get_message_after_node2_restarts","tests.filter","Thu Mar 05 04:34:59 UTC 2026","passed","Thu Mar 05 04:35:02 UTC 2026","TestFilterGetMessages","test_get_messages","",""
"","3347","test_message_relayed_while_store_node_is_stopped_and_removed","tests.store","Thu Mar 05 04:37:27 UTC 2026","passed","Thu Mar 05 04:37:31 UTC 2026","TestReliability","test_reliability","",""
"","32734","test_admin_connected_peers_scalar_types","tests.rest_flags","Thu Mar 05 04:35:58 UTC 2026","passed","Thu Mar 05 04:36:31 UTC 2026","TestAdminFlags","test_admin_flags","",""
"","3568","test_relay_peers_on_shard_contains_connected_peer","tests.rest_flags","Thu Mar 05 04:35:55 UTC 2026","passed","Thu Mar 05 04:35:58 UTC 2026","TestAdminFlags","test_admin_flags","",""
"","264","test_relay_resubscribe_to_unsubscribed_pubsub_topic","tests.relay","Thu Mar 05 04:33:41 UTC 2026","passed","Thu Mar 05 04:33:41 UTC 2026","TestRelaySubscribe","test_subscribe","",""
"","149","test_light_push_with_valid_meta","tests.light_push","Thu Mar 05 04:40:25 UTC 2026","passed","Thu Mar 05 04:40:25 UTC 2026","TestLightPushPublish","test_publish","",""
"","9","test_filter_ping_without_request_id","tests.filter","Thu Mar 05 04:34:00 UTC 2026","passed","Thu Mar 05 04:34:00 UTC 2026","TestFilterPing","test_ping","",""
"","6","test_light_push_with_extra_field","tests.light_push","Thu Mar 05 04:34:02 UTC 2026","passed","Thu Mar 05 04:34:02 UTC 2026","TestLightPushPublish","test_publish","",""
"","4","test_filter_unsubscribe_all_with_invalid_request_id","tests.filter","Thu Mar 05 04:37:20 UTC 2026","passed","Thu Mar 05 04:37:20 UTC 2026","TestFilterUnSubscribeAll","test_unsubscribe_all","",""
"","8389","test_store_include_data","tests.store","Thu Mar 05 04:34:32 UTC 2026","passed","Thu Mar 05 04:34:41 UTC 2026","TestApiFlags","test_api_flags","",""
"","3921","test_multiple_pubsub_topics_same_cluster","tests.sharding","Thu Mar 05 04:36:51 UTC 2026","passed","Thu Mar 05 04:36:54 UTC 2026","TestRunningNodesStaticSharding","test_running_nodes_static_sharding","",""
"","824","test_filter_unsubscribe_all_from_90_content_topics","tests.filter","Thu Mar 05 04:37:16 UTC 2026","passed","Thu Mar 05 04:37:16 UTC 2026","TestFilterUnSubscribeAll","test_unsubscribe_all","",""
"","0","test_idle_filter_subscriptions_for_more_than_5_nodes","tests.filter","Thu Mar 05 04:33:29 UTC 2026","skipped","Thu Mar 05 04:33:29 UTC 2026","TestIdleSubscriptions","test_idle_subscriptions","",""
"","143","test_filter_subscribe_to_single_topics","tests.filter","Thu Mar 05 04:39:48 UTC 2026","passed","Thu Mar 05 04:39:48 UTC 2026","TestFilterSubscribeCreate","test_subscribe_create","",""
"","25606","test_sync_flags_no_relay_2nodes","tests.store_sync","Thu Mar 05 04:35:09 UTC 2026","passed","Thu Mar 05 04:35:35 UTC 2026","TestStoreSync","test_store_sync","",""
"","422","test_different_page_size[1]","tests.store","Thu Mar 05 04:34:46 UTC 2026","passed","Thu Mar 05 04:34:47 UTC 2026","TestPageSize","test_page_size","",""
"","2664","test_single_pubsub_topic[/waku/2/rs/5/999]","tests.sharding","Thu Mar 05 04:34:27 UTC 2026","passed","Thu Mar 05 04:34:30 UTC 2026","TestRunningNodesStaticSharding","test_running_nodes_static_sharding","",""
"","1138","test_filter_unsubscribe_all_from_few_content_topics","tests.filter","Thu Mar 05 04:33:00 UTC 2026","passed","Thu Mar 05 04:33:01 UTC 2026","TestFilterUnSubscribeAll","test_unsubscribe_all","",""
"","196","test_message_light_pushed_on_different_pubsub_topic_is_not_retrieved","tests.light_push","Thu Mar 05 04:41:30 UTC 2026","passed","Thu Mar 05 04:41:30 UTC 2026","TestLightPushPublish","test_publish","",""
"","6224","test_default_page_size","tests.store","Thu Mar 05 04:39:31 UTC 2026","passed","Thu Mar 05 04:39:37 UTC 2026","TestPageSize","test_page_size","",""
"","3704","test_filter_update_subscription_add_30_new_content_topics","tests.filter","Thu Mar 05 04:35:14 UTC 2026","passed","Thu Mar 05 04:35:18 UTC 2026","TestFilterSubscribeUpdate","test_subscribe_update","",""
"","414252","test_get_multiple_2000_store_messages","tests.store","Thu Mar 05 04:32:23 UTC 2026","passed","Thu Mar 05 04:39:17 UTC 2026","TestCursorManyMessages","test_cursor_many_msgs","",""
"","3173","test_publish_on_multiple_content_topics_and_only_after_fetch_them[content_topic_list0]","tests.sharding","Thu Mar 05 04:36:15 UTC 2026","passed","Thu Mar 05 04:36:18 UTC 2026","TestRelayAutosharding","test_relay_auto_sharding","",""
"","143","test_filter_subscribe_to_pubsub_topic_from_another_cluster_id","tests.filter","Thu Mar 05 04:35:03 UTC 2026","passed","Thu Mar 05 04:35:03 UTC 2026","TestFilterSubscribeCreate","test_subscribe_create","",""
"","0","test_2_lightpush_nodes_and_2_receiving_nodes","tests.light_push","Thu Mar 05 04:33:02 UTC 2026","skipped","Thu Mar 05 04:33:02 UTC 2026","TestMultipleNodes","test_multiple_nodes","",""
"","154","test_filter_update_subscription_refresh_existing","tests.filter","Thu Mar 05 04:35:17 UTC 2026","passed","Thu Mar 05 04:35:17 UTC 2026","TestFilterSubscribeUpdate","test_subscribe_update","",""
"","3289","test_lightpush_node_with_relay_works_correctly","tests.light_push","Thu Mar 05 04:34:12 UTC 2026","passed","Thu Mar 05 04:34:16 UTC 2026","TestRunningNodes","test_running_nodes","",""
"","838","test_store_with_non_hex_hash","tests.store","Thu Mar 05 04:34:51 UTC 2026","passed","Thu Mar 05 04:34:52 UTC 2026","TestHashes","test_hashes","",""
"","5","test_relay_subscribe_with_empty_pubsub_topic_list","tests.relay","Thu Mar 05 04:34:03 UTC 2026","passed","Thu Mar 05 04:34:03 UTC 2026","TestRelaySubscribe","test_subscribe","",""
"","2092","test_cursor_at_page_size_boundary","tests.store","Thu Mar 05 04:41:38 UTC 2026","passed","Thu Mar 05 04:41:40 UTC 2026","TestCursor","test_cursor","",""
"","3","test_filter_unsubscribe_with_invalid_request_id","tests.filter","Thu Mar 05 04:34:00 UTC 2026","passed","Thu Mar 05 04:34:00 UTC 2026","TestFilterUnSubscribe","test_unsubscribe","",""
"","931","test_publish_with_payload_equal_or_more_150_kb","tests.relay","Thu Mar 05 04:37:32 UTC 2026","passed","Thu Mar 05 04:37:32 UTC 2026","TestRelayPublish","test_publish","",""
"","2787","test_main_node_relay_and_store__peer_only_relay","tests.store","Thu Mar 05 04:39:06 UTC 2026","passed","Thu Mar 05 04:39:09 UTC 2026","TestRunningNodes","test_running_nodes","",""
"","5354","test_unsubscribe_from_all_content_topics_one_by_one","tests.sharding","Thu Mar 05 04:36:09 UTC 2026","passed","Thu Mar 05 04:36:14 UTC 2026","TestRelayAutosharding","test_relay_auto_sharding","",""
"","13092","test_relay_different_latency_between_two_nodes[200]","tests.e2e","Thu Mar 05 04:32:25 UTC 2026","passed","Thu Mar 05 04:32:38 UTC 2026","TestNetworkConditions","test_network_conditions","",""
"","23","test_light_push_with_invalid_content_topics","tests.light_push","Thu Mar 05 04:35:23 UTC 2026","passed","Thu Mar 05 04:35:23 UTC 2026","TestLightPushPublish","test_publish","",""
"","1247","test_time_filter_invalid_start_time","tests.store","Thu Mar 05 04:35:26 UTC 2026","passed","Thu Mar 05 04:35:27 UTC 2026","TestTimeFilter","test_time_filter","",""
"","773","test_filter_get_message_with_valid_timestamps","tests.filter","Thu Mar 05 04:33:55 UTC 2026","passed","Thu Mar 05 04:33:56 UTC 2026","TestFilterGetMessages","test_get_messages","",""
"","3685","test_start_node_with_50_pubsub_topics","tests.sharding","Thu Mar 05 04:34:35 UTC 2026","failed","Thu Mar 05 04:34:38 UTC 2026","TestRunningNodesStaticSharding","test_running_nodes_static_sharding","",""
"","37017","test_msg_stored_when_ephemeral_false","tests.e2e","Thu Mar 05 04:32:26 UTC 2026","passed","Thu Mar 05 04:33:03 UTC 2026","TestE2E","test_e2e","",""
"","353","test_filter_resubscribe_to_unsubscribed_topics","tests.filter","Thu Mar 05 04:33:39 UTC 2026","passed","Thu Mar 05 04:33:39 UTC 2026","TestFilterUnSubscribe","test_unsubscribe","",""
"","16","test_relay_subscribe_with_invalid_pubsub_topic_format","tests.relay","Thu Mar 05 04:40:44 UTC 2026","passed","Thu Mar 05 04:40:44 UTC 2026","TestRelaySubscribe","test_subscribe","",""
"","132","test_light_push_with_no_timestamp","tests.light_push","Thu Mar 05 04:33:30 UTC 2026","passed","Thu Mar 05 04:33:30 UTC 2026","TestLightPushPublish","test_publish","",""
"","96312","test_relay_4_nodes_two_publishers_compare_latency","tests.e2e","Thu Mar 05 04:32:52 UTC 2026","passed","Thu Mar 05 04:34:28 UTC 2026","TestNetworkConditions","test_network_conditions","",""
"","3","test_publish_with_missing_payload","tests.relay","Thu Mar 05 04:33:44 UTC 2026","passed","Thu Mar 05 04:33:44 UTC 2026","TestRelayPublish","test_publish","",""
"","211","test_message_with_ephemeral_true","tests.store","Thu Mar 05 04:42:50 UTC 2026","passed","Thu Mar 05 04:42:50 UTC 2026","TestEphemeral","test_ephemeral","",""
"","1329","test_store_node_restarts","tests.store","Thu Mar 05 04:39:03 UTC 2026","passed","Thu Mar 05 04:39:05 UTC 2026","TestReliability","test_reliability","",""
"","102424","test_store_sync_long_chain","tests.store_sync","Thu Mar 05 04:43:19 UTC 2026","passed","Thu Mar 05 04:45:01 UTC 2026","TestStoreSync","test_store_sync","",""
"","702","test_filter_unsubscribe_from_pubsub_topics","tests.filter","Thu Mar 05 04:35:21 UTC 2026","passed","Thu Mar 05 04:35:22 UTC 2026","TestFilterUnSubscribe","test_unsubscribe","",""
"","5565","test_filter","tests.discv5","Thu Mar 05 04:32:25 UTC 2026","passed","Thu Mar 05 04:32:30 UTC 2026","TestDiscv5","test_discv5","",""
"","7556","test_static_shard_relay","tests.sharding","Thu Mar 05 04:42:06 UTC 2026","passed","Thu Mar 05 04:42:13 UTC 2026","TestMultipleNodes","test_multiple_nodes","",""
"","128220","test_relay_4_nodes_sender_packet_loss_delivery_ratio_simple[loss60]","tests.e2e","Thu Mar 05 04:37:29 UTC 2026","passed","Thu Mar 05 04:39:37 UTC 2026","TestNetworkConditions","test_network_conditions","",""
"","0","test_valid_payloads_random_epoch_at_slow_rate","tests.relay","Thu Mar 05 04:31:51 UTC 2026","skipped","Thu Mar 05 04:31:51 UTC 2026","TestRelayRLN","test_rln","",""
"","1979","test_get_store_messages_with_different_pubsub_topics","tests.store","Thu Mar 05 04:37:08 UTC 2026","passed","Thu Mar 05 04:37:10 UTC 2026","TestGetMessages","test_get_messages","",""
"","837","test_store_with_empty_hashes","tests.store","Thu Mar 05 04:35:32 UTC 2026","passed","Thu Mar 05 04:35:33 UTC 2026","TestHashes","test_hashes","",""
"","263","test_filter_update_subscription_add_a_new_content_topic","tests.filter","Thu Mar 05 04:33:32 UTC 2026","passed","Thu Mar 05 04:33:33 UTC 2026","TestFilterSubscribeUpdate","test_subscribe_update","",""
"","6710","test_get_peers_after_node1_was_restarted","tests.peer_exchange","Thu Mar 05 04:37:54 UTC 2026","passed","Thu Mar 05 04:38:00 UTC 2026","TestPeerExchange","test_peer_exchange","",""
"","4752","test_on_postgress_db_with_one_message","tests.store","Thu Mar 05 04:37:19 UTC 2026","passed","Thu Mar 05 04:37:23 UTC 2026","TestExternalDb","test_external_db","",""
"","25166","test_relay_4_nodes_sender_packet_loss","tests.e2e","Thu Mar 05 04:32:39 UTC 2026","passed","Thu Mar 05 04:33:05 UTC 2026","TestNetworkConditions","test_network_conditions","",""
"","32","test_filter_unsubscribe_all_on_peer_with_no_subscription","tests.filter","Thu Mar 05 04:33:18 UTC 2026","passed","Thu Mar 05 04:33:18 UTC 2026","TestFilterUnSubscribeAll","test_unsubscribe_all","",""
"","4","test_publish_with_extra_field","tests.relay","Thu Mar 05 04:41:49 UTC 2026","passed","Thu Mar 05 04:41:49 UTC 2026","TestRelayPublish","test_publish","",""
"","38157","test_store_sync_range_with_jitter_catches_old_messages","tests.store_sync","Thu Mar 05 04:45:06 UTC 2026","passed","Thu Mar 05 04:45:44 UTC 2026","TestStoreSync","test_store_sync","",""
"","2653","test_retrieve_messages_without_subscribing_via_api","tests.sharding","Thu Mar 05 04:34:32 UTC 2026","failed","Thu Mar 05 04:34:35 UTC 2026","TestRelayStaticSharding","test_relay_static_sharding","",""
"","3261","test_log_level_ERROR_from_WARN","tests.rest_flags","Thu Mar 05 04:34:57 UTC 2026","passed","Thu Mar 05 04:35:00 UTC 2026","TestAdminFlags","test_admin_flags","",""
"","125","test_filter_unsubscribe_from_non_existing_pubsub_topic","tests.filter","Thu Mar 05 04:38:38 UTC 2026","passed","Thu Mar 05 04:38:38 UTC 2026","TestFilterUnSubscribe","test_unsubscribe","",""
"","10403","test_different_cursor_and_indexes[19-50]","tests.store","Thu Mar 05 04:35:46 UTC 2026","passed","Thu Mar 05 04:35:57 UTC 2026","TestCursor","test_cursor","",""
"","19","test_filter_update_subscription_with_invalid_content_topic_format","tests.filter","Thu Mar 05 04:37:16 UTC 2026","passed","Thu Mar 05 04:37:16 UTC 2026","TestFilterSubscribeUpdate","test_subscribe_update","",""
"","34805","test_three_store_sync_exchange","tests.store_sync","Thu Mar 05 04:38:27 UTC 2026","passed","Thu Mar 05 04:39:01 UTC 2026","TestStoreSync","test_store_sync","",""
"","2664","test_main_node_relay_and_store__peer_only_store","tests.store","Thu Mar 05 04:37:11 UTC 2026","passed","Thu Mar 05 04:37:14 UTC 2026","TestRunningNodes","test_running_nodes","",""
"","1235","test_verify_node_version2","tests.rest_flags","Thu Mar 05 04:37:56 UTC 2026","passed","Thu Mar 05 04:37:58 UTC 2026","TestDebugFlags","test_debug_flags","",""
"","196099","test_filter_20_senders_1_receiver","tests.e2e","Thu Mar 05 04:32:56 UTC 2026","passed","Thu Mar 05 04:36:12 UTC 2026","TestE2E","test_e2e","",""
"","2083","test_store_sort_ascending[false]","tests.store","Thu Mar 05 04:43:10 UTC 2026","passed","Thu Mar 05 04:43:12 UTC 2026","TestSorting","test_sorting","",""
"","5","test_filter_update_subscription_with_extra_field","tests.filter","Thu Mar 05 04:33:07 UTC 2026","passed","Thu Mar 05 04:33:07 UTC 2026","TestFilterSubscribeUpdate","test_subscribe_update","",""
"","6","test_store_without_pubsub_topic_and_content_topic","tests.store","Thu Mar 05 04:35:32 UTC 2026","passed","Thu Mar 05 04:35:32 UTC 2026","TestTopics","test_topics","",""
"","212","test_store_not_include_data","tests.store","Thu Mar 05 04:35:15 UTC 2026","passed","Thu Mar 05 04:35:16 UTC 2026","TestApiFlags","test_api_flags","",""
"","1255","test_get_debug_version_is_string","tests.rest_flags","Thu Mar 05 04:38:11 UTC 2026","passed","Thu Mar 05 04:38:12 UTC 2026","TestDebugFlags","test_debug_flags","",""
"","5619","test_light_push_while_peer_is_paused","tests.light_push","Thu Mar 05 04:34:06 UTC 2026","passed","Thu Mar 05 04:34:11 UTC 2026","TestLightPushPublish","test_publish","",""
"","113","test_publish_with_no_timestamp","tests.relay","Thu Mar 05 04:35:48 UTC 2026","passed","Thu Mar 05 04:35:48 UTC 2026","TestRelayPublish","test_publish","",""
"","28303","test_relay_2_nodes_temporary_blackout_recovers_no_helpers","tests.e2e","Thu Mar 05 04:33:04 UTC 2026","passed","Thu Mar 05 04:33:33 UTC 2026","TestNetworkConditions","test_network_conditions","",""
"","2494","test_different_page_size[11]","tests.store","Thu Mar 05 04:42:54 UTC 2026","passed","Thu Mar 05 04:42:56 UTC 2026","TestPageSize","test_page_size","",""
"","4","test_store_with_wrong_url_content_topic","tests.store","Thu Mar 05 04:38:32 UTC 2026","passed","Thu Mar 05 04:38:32 UTC 2026","TestTopics","test_topics","",""
"","3779","test_subscribe_one_by_one_to_different_pubsub_topics_and_send_messages","tests.sharding","Thu Mar 05 04:35:04 UTC 2026","passed","Thu Mar 05 04:35:07 UTC 2026","TestRelayStaticSharding","test_relay_static_sharding","",""
"","0","test_valid_payloads_n1_with_rln_n2_without_rln_at_spam_rate","tests.relay","Thu Mar 05 04:31:51 UTC 2026","skipped","Thu Mar 05 04:31:51 UTC 2026","TestRelayRLN","test_rln","",""
"","114","test_publish_with_valid_meta","tests.relay","Thu Mar 05 04:35:51 UTC 2026","passed","Thu Mar 05 04:35:52 UTC 2026","TestRelayPublish","test_publish","",""
"","14","test_light_push_with_missing_pubsub_topics","tests.light_push","Thu Mar 05 04:35:30 UTC 2026","passed","Thu Mar 05 04:35:30 UTC 2026","TestLightPushPublish","test_publish","",""
"","2786","test_store_with_filter","tests.store","Thu Mar 05 04:38:20 UTC 2026","passed","Thu Mar 05 04:38:23 UTC 2026","TestRunningNodes","test_running_nodes","",""
"","6232","test_get_peers_for_filter_node","tests.peer_exchange","Thu Mar 05 04:34:36 UTC 2026","passed","Thu Mar 05 04:34:43 UTC 2026","TestPeerExchange","test_peer_exchange","",""
"","2941","test_2_nodes_different_cluster_same_shard","tests.sharding","Thu Mar 05 04:38:44 UTC 2026","passed","Thu Mar 05 04:38:47 UTC 2026","TestRunningNodesStaticSharding","test_running_nodes_static_sharding","",""
"","3251","test_log_level_INFO_from_DEBUG","tests.rest_flags","Thu Mar 05 04:39:17 UTC 2026","passed","Thu Mar 05 04:39:20 UTC 2026","TestAdminFlags","test_admin_flags","",""
"","1291","test_messages_with_timestamps_close_to_now","tests.store","Thu Mar 05 04:38:26 UTC 2026","passed","Thu Mar 05 04:38:27 UTC 2026","TestTimeFilter","test_time_filter","",""
"","5","test_filter_unsubscribe_with_content_topic_string_instead_of_list","tests.filter","Thu Mar 05 04:33:53 UTC 2026","passed","Thu Mar 05 04:33:53 UTC 2026","TestFilterUnSubscribe","test_unsubscribe","",""
"","66988","test_store_filter_interaction_with_six_nodes","tests.e2e","Thu Mar 05 04:32:42 UTC 2026","passed","Thu Mar 05 04:33:49 UTC 2026","TestE2E","test_e2e","",""
"","380","test_publish_after_node_pauses_and_pauses","tests.relay","Thu Mar 05 04:33:48 UTC 2026","passed","Thu Mar 05 04:33:48 UTC 2026","TestRelayPublish","test_publish","",""
"","3110","test_subscribe_and_publish_on_another_content_topic_from_same_shard","tests.sharding","Thu Mar 05 04:36:01 UTC 2026","passed","Thu Mar 05 04:36:04 UTC 2026","TestRelayAutosharding","test_relay_auto_sharding","",""
"","2565","test_main_node_relay_lightpush__peer_only_relay","tests.light_push","Thu Mar 05 04:33:40 UTC 2026","passed","Thu Mar 05 04:33:42 UTC 2026","TestRunningNodes","test_running_nodes","",""
"","1054","test_invalid_pagination_cursor_param","tests.store","Thu Mar 05 04:38:24 UTC 2026","passed","Thu Mar 05 04:38:25 UTC 2026","TestCursor","test_cursor","",""
"","2779","test_filter_works_with_auto_sharding","tests.sharding","Thu Mar 05 04:33:55 UTC 2026","passed","Thu Mar 05 04:33:58 UTC 2026","TestFilterAutoSharding","test_filter","",""
"","2444","test_admin_filter_subscriptions_shape","tests.rest_flags","Thu Mar 05 04:35:36 UTC 2026","passed","Thu Mar 05 04:35:38 UTC 2026","TestAdminFlags","test_admin_flags","",""
"","124","test_last_node_to_start_publishes","tests.relay","Thu Mar 05 04:33:50 UTC 2026","passed","Thu Mar 05 04:33:50 UTC 2026","TestRelayMultipleNodes","test_multiple_nodes","",""
"","1251","test_time_filter_zero_end_time","tests.store","Thu Mar 05 04:36:31 UTC 2026","passed","Thu Mar 05 04:36:32 UTC 2026","TestTimeFilter","test_time_filter","",""
"","490","test_filter_subscribe_with_multiple_overlapping_content_topics","tests.filter","Thu Mar 05 04:35:09 UTC 2026","passed","Thu Mar 05 04:35:10 UTC 2026","TestFilterSubscribeCreate","test_subscribe_create","",""
"","2671","test_single_pubsub_topic[/waku/2/rs/5/0]","tests.sharding","Thu Mar 05 04:36:47 UTC 2026","passed","Thu Mar 05 04:36:49 UTC 2026","TestRunningNodesStaticSharding","test_running_nodes_static_sharding","",""
"","14225","test_relay_2_nodes_packet_reordering","tests.e2e","Thu Mar 05 04:36:40 UTC 2026","passed","Thu Mar 05 04:36:54 UTC 2026","TestNetworkConditions","test_network_conditions","",""
"","0","test_valid_payload_at_variable_rate","tests.relay","Thu Mar 05 04:31:51 UTC 2026","skipped","Thu Mar 05 04:31:51 UTC 2026","TestRelayRLN","test_rln","",""
"","2567","test_single_pubsub_topic[/waku/2/rs/5/1]","tests.sharding","Thu Mar 05 04:36:19 UTC 2026","passed","Thu Mar 05 04:36:22 UTC 2026","TestRunningNodesStaticSharding","test_running_nodes_static_sharding","",""
"","3287","test_single_content_topic[/app/22/sometopic/someencoding]","tests.sharding","Thu Mar 05 04:34:57 UTC 2026","passed","Thu Mar 05 04:35:00 UTC 2026","TestRunningNodesAutosharding","test_running_nodes_auto_sharding","",""
"","1249","test_time_filter_negative_end_time","tests.store","Thu Mar 05 04:37:17 UTC 2026","passed","Thu Mar 05 04:37:18 UTC 2026","TestTimeFilter","test_time_filter","",""
"","28131","test_node_without_sync_or_relay_stays_empty","tests.store_sync","Thu Mar 05 04:38:53 UTC 2026","passed","Thu Mar 05 04:39:21 UTC 2026","TestStoreSync","test_store_sync","",""
"","74689","test_relay_7_nodes_3sec_latency","tests.e2e","Thu Mar 05 04:33:05 UTC 2026","passed","Thu Mar 05 04:34:20 UTC 2026","TestNetworkConditions","test_network_conditions","",""
"","7135","test_admin_connected_peers_on_shard_contains_all_three","tests.rest_flags","Thu Mar 05 04:37:43 UTC 2026","passed","Thu Mar 05 04:37:51 UTC 2026","TestAdminFlags","test_admin_flags","",""
"","5553","test_metrics_after_filter_get","tests.metrics","Thu Mar 05 04:35:34 UTC 2026","passed","Thu Mar 05 04:35:39 UTC 2026","TestMetrics","test_metrics","",""
"","8632","test_get_store_messages_with_different_payloads","tests.store","Thu Mar 05 04:36:56 UTC 2026","passed","Thu Mar 05 04:37:05 UTC 2026","TestGetMessages","test_get_messages","",""
"","3664","test_unsubscribe_from_all_pubsub_topics","tests.sharding","Thu Mar 05 04:41:27 UTC 2026","passed","Thu Mar 05 04:41:30 UTC 2026","TestRelayStaticSharding","test_relay_static_sharding","",""
"","376","test_filter_update_subscription_add_a_new_pubsub_topic","tests.filter","Thu Mar 05 04:33:45 UTC 2026","passed","Thu Mar 05 04:33:45 UTC 2026","TestFilterSubscribeUpdate","test_subscribe_update","",""
"","4028","test_filter_works_with_static_sharding","tests.sharding","Thu Mar 05 04:34:09 UTC 2026","passed","Thu Mar 05 04:34:13 UTC 2026","TestFilterStaticSharding","test_filter","",""
"","42327","test_repeated_filter_requestID","tests.e2e","Thu Mar 05 04:32:21 UTC 2026","passed","Thu Mar 05 04:33:03 UTC 2026","TestE2E","test_e2e","",""
"","2088","test_passing_cursor_not_returned_in_paginationCursor","tests.store","Thu Mar 05 04:36:40 UTC 2026","passed","Thu Mar 05 04:36:42 UTC 2026","TestCursor","test_cursor","",""
"","1254","test_time_filter_zero_start_time","tests.store","Thu Mar 05 04:35:07 UTC 2026","passed","Thu Mar 05 04:35:08 UTC 2026","TestTimeFilter","test_time_filter","",""
"","3262","test_log_level_FATAL_from_ERROR","tests.rest_flags","Thu Mar 05 04:33:52 UTC 2026","passed","Thu Mar 05 04:33:55 UTC 2026","TestAdminFlags","test_admin_flags","",""
"","375","test_filter_get_message_after_node_pauses_and_pauses","tests.filter","Thu Mar 05 04:32:40 UTC 2026","passed","Thu Mar 05 04:32:40 UTC 2026","TestFilterGetMessages","test_get_messages","",""
"","4","test_filter_subscribe_with_invalid_pubsub_topic_format","tests.filter","Thu Mar 05 04:35:07 UTC 2026","passed","Thu Mar 05 04:35:07 UTC 2026","TestFilterSubscribeCreate","test_subscribe_create","",""
"","1256","test_time_filter_matches_multiple_messages","tests.store","Thu Mar 05 04:36:26 UTC 2026","passed","Thu Mar 05 04:36:27 UTC 2026","TestTimeFilter","test_time_filter","",""
"","353","test_filter_unsubscribe_from_some_of_the_subscribed_content_topics","tests.filter","Thu Mar 05 04:34:11 UTC 2026","passed","Thu Mar 05 04:34:11 UTC 2026","TestFilterUnSubscribe","test_unsubscribe","",""
"","835","test_store_with_non_hex_characters_in_hash","tests.store","Thu Mar 05 04:37:33 UTC 2026","passed","Thu Mar 05 04:37:34 UTC 2026","TestHashes","test_hashes","",""
"","653","test_relay_unsubscribe_from_all_pubsub_topics","tests.relay","Thu Mar 05 04:34:55 UTC 2026","passed","Thu Mar 05 04:34:56 UTC 2026","TestRelaySubscribe","test_subscribe","",""
"","223","test_filter_get_message_with_ephemeral","tests.filter","Thu Mar 05 04:37:04 UTC 2026","passed","Thu Mar 05 04:37:04 UTC 2026","TestFilterGetMessages","test_get_messages","",""
"","595","test_publish_on_multiple_pubsub_topics","tests.relay","Thu Mar 05 04:35:43 UTC 2026","passed","Thu Mar 05 04:35:44 UTC 2026","TestRelayPublish","test_publish","",""
"","8316","test_get_multiple_store_messages","tests.store","Thu Mar 05 04:38:56 UTC 2026","passed","Thu Mar 05 04:39:05 UTC 2026","TestGetMessages","test_get_messages","",""
"","2730","test_main_node_relay_and_store__peer_relay_and_store","tests.store","Thu Mar 05 04:35:34 UTC 2026","passed","Thu Mar 05 04:35:37 UTC 2026","TestRunningNodes","test_running_nodes","",""
"","3256","test_log_level_WARN_from_NOTICE","tests.rest_flags","Thu Mar 05 04:34:46 UTC 2026","passed","Thu Mar 05 04:34:49 UTC 2026","TestAdminFlags","test_admin_flags","",""
"","1255","test_time_filter_zero_start_end_time","tests.store","Thu Mar 05 04:35:31 UTC 2026","passed","Thu Mar 05 04:35:33 UTC 2026","TestTimeFilter","test_time_filter","",""
"","39493","test_high_message_volume_sync","tests.store_sync","Thu Mar 05 04:42:49 UTC 2026","passed","Thu Mar 05 04:43:29 UTC 2026","TestStoreSync","test_store_sync","",""
"","2899","test_single_content_topic[/app/29/sometopic/someencoding]","tests.sharding","Thu Mar 05 04:35:09 UTC 2026","passed","Thu Mar 05 04:35:12 UTC 2026","TestRunningNodesAutosharding","test_running_nodes_auto_sharding","",""
"","4578","test_publish_with_valid_content_topics","tests.relay","Thu Mar 05 04:33:42 UTC 2026","passed","Thu Mar 05 04:33:47 UTC 2026","TestRelayPublish","test_publish","",""
"","5","test_store_without_encoding_pubsubtopic","tests.store","Thu Mar 05 04:39:25 UTC 2026","passed","Thu Mar 05 04:39:25 UTC 2026","TestTopics","test_topics","",""
"","7087","test_filter_static_sharding_multiple_shards","tests.sharding","Thu Mar 05 04:35:48 UTC 2026","passed","Thu Mar 05 04:35:55 UTC 2026","TestFilterStaticSharding","test_filter","",""
"","1254","test_verify_node_info","tests.rest_flags","Thu Mar 05 04:35:46 UTC 2026","passed","Thu Mar 05 04:35:47 UTC 2026","TestDebugFlags","test_debug_flags","",""
"","5","test_filter_update_subscription_with_no_request_id","tests.filter","Thu Mar 05 04:33:49 UTC 2026","passed","Thu Mar 05 04:33:49 UTC 2026","TestFilterSubscribeUpdate","test_subscribe_update","",""
"","16509","test_add_peers","tests.peer_connection_management","Thu Mar 05 04:35:23 UTC 2026","passed","Thu Mar 05 04:35:39 UTC 2026","TestPeerStore","test_peer_store","",""
"","15","test_publish_with_invalid_content_topics","tests.relay","Thu Mar 05 04:33:56 UTC 2026","passed","Thu Mar 05 04:33:56 UTC 2026","TestRelayPublish","test_publish","",""
"","3782","test_filter_subscribe_to_29_content_topics_in_separate_calls","tests.filter","Thu Mar 05 04:32:59 UTC 2026","failed","Thu Mar 05 04:33:03 UTC 2026","TestFilterSubscribeCreate","test_subscribe_create","",""
"","714","test_light_push_on_multiple_pubsub_topics","tests.light_push","Thu Mar 05 04:40:01 UTC 2026","passed","Thu Mar 05 04:40:01 UTC 2026","TestLightPushPublish","test_publish","",""
"","2766","test_single_content_topic[/toychat/2/huilong/proto]","tests.sharding","Thu Mar 05 04:39:21 UTC 2026","passed","Thu Mar 05 04:39:24 UTC 2026","TestRunningNodesAutosharding","test_running_nodes_auto_sharding","",""
"","112548","test_relay_packet_loss_correlated_vs_uncorrelated","tests.e2e","Thu Mar 05 04:36:13 UTC 2026","passed","Thu Mar 05 04:38:05 UTC 2026","TestNetworkConditions","test_network_conditions","",""
"","8335","test_different_cursor_and_indexes[10-40]","tests.store","Thu Mar 05 04:38:10 UTC 2026","passed","Thu Mar 05 04:38:18 UTC 2026","TestCursor","test_cursor","",""
"","2081","test_cursor_pointing_to_deleted_message","tests.store","Thu Mar 05 04:37:02 UTC 2026","passed","Thu Mar 05 04:37:04 UTC 2026","TestCursor","test_cursor","",""
"","5569","test_metrics_after_relay_publish","tests.metrics","Thu Mar 05 04:34:02 UTC 2026","passed","Thu Mar 05 04:34:08 UTC 2026","TestMetrics","test_metrics","",""
"","147942","test_continuous_store_sync","tests.store_sync","Thu Mar 05 04:35:33 UTC 2026","passed","Thu Mar 05 04:38:01 UTC 2026","TestStoreSync","test_store_sync","",""
"","248","test_relay_unsubscribe_from_non_existing_pubsub_topic","tests.relay","Thu Mar 05 04:42:04 UTC 2026","passed","Thu Mar 05 04:42:04 UTC 2026","TestRelaySubscribe","test_subscribe","",""
"","1253","test_time_filter_matches_one_message","tests.store","Thu Mar 05 04:34:46 UTC 2026","passed","Thu Mar 05 04:34:47 UTC 2026","TestTimeFilter","test_time_filter","",""
"","6783","test_multiple_receiving_nodes","tests.light_push","Thu Mar 05 04:37:32 UTC 2026","passed","Thu Mar 05 04:37:39 UTC 2026","TestMultipleNodes","test_multiple_nodes","",""
"","1254","test_time_filter_start_time_equals_end_time","tests.store","Thu Mar 05 04:35:21 UTC 2026","passed","Thu Mar 05 04:35:22 UTC 2026","TestTimeFilter","test_time_filter","",""
"","2723","test_main_node_only_relay__peer_relay_and_store","tests.store","Thu Mar 05 04:34:39 UTC 2026","passed","Thu Mar 05 04:34:42 UTC 2026","TestRunningNodes","test_running_nodes","",""
"","23796","test_relay_2_nodes_low_bandwidth_sending_over_time","tests.e2e","Thu Mar 05 04:32:58 UTC 2026","passed","Thu Mar 05 04:33:22 UTC 2026","TestNetworkConditions","test_network_conditions","",""
"","420","test_light_push_after_node_pauses_and_pauses","tests.light_push","Thu Mar 05 04:34:28 UTC 2026","passed","Thu Mar 05 04:34:28 UTC 2026","TestLightPushPublish","test_publish","",""
"","38161","test_store_sync_range_with_zero_jitter","tests.store_sync","Thu Mar 05 04:37:47 UTC 2026","passed","Thu Mar 05 04:38:25 UTC 2026","TestStoreSync","test_store_sync","",""
"","214","test_get_store_message_with_version","tests.store","Thu Mar 05 04:38:22 UTC 2026","passed","Thu Mar 05 04:38:22 UTC 2026","TestGetMessages","test_get_messages","",""
"","70606","test_sync_flags_node2_start_later","tests.store_sync","Thu Mar 05 04:39:59 UTC 2026","passed","Thu Mar 05 04:41:10 UTC 2026","TestStoreSync","test_store_sync","",""
"","3644","test_resubscribe_to_unsubscribed_pubsub_topics","tests.sharding","Thu Mar 05 04:34:05 UTC 2026","failed","Thu Mar 05 04:34:08 UTC 2026","TestRelayStaticSharding","test_relay_static_sharding","",""
"","3251","test_subscribe_one_by_one_to_different_content_topics_and_send_messages","tests.sharding","Thu Mar 05 04:34:15 UTC 2026","failed","Thu Mar 05 04:34:18 UTC 2026","TestRelayAutosharding","test_relay_auto_sharding","",""
"","4","test_filter_unsubscribe_with_no_content_topic","tests.filter","Thu Mar 05 04:35:09 UTC 2026","passed","Thu Mar 05 04:35:09 UTC 2026","TestFilterUnSubscribe","test_unsubscribe","",""
"","0","test_valid_payloads_lightpush_at_spam_rate","tests.relay","Thu Mar 05 04:31:51 UTC 2026","skipped","Thu Mar 05 04:31:51 UTC 2026","TestRelayRLN","test_rln","",""
"","5276","test_metrics_after_store_get","tests.metrics","Thu Mar 05 04:41:40 UTC 2026","passed","Thu Mar 05 04:41:46 UTC 2026","TestMetrics","test_metrics","",""
"","18","test_filter_subscribe_with_invalid_content_topic_format","tests.filter","Thu Mar 05 04:37:09 UTC 2026","passed","Thu Mar 05 04:37:09 UTC 2026","TestFilterSubscribeCreate","test_subscribe_create","",""
"","2665","test_single_pubsub_topic[/waku/2/rs/999/999]","tests.sharding","Thu Mar 05 04:39:25 UTC 2026","passed","Thu Mar 05 04:39:28 UTC 2026","TestRunningNodesStaticSharding","test_running_nodes_static_sharding","",""
"","2926","test_subscribe_and_publish_on_another_shard","tests.sharding","Thu Mar 05 04:42:16 UTC 2026","passed","Thu Mar 05 04:42:19 UTC 2026","TestRelayStaticSharding","test_relay_static_sharding","",""
"","3249","test_log_level_DEBUG_from_TRACE","tests.rest_flags","Thu Mar 05 04:33:53 UTC 2026","passed","Thu Mar 05 04:33:57 UTC 2026","TestAdminFlags","test_admin_flags","",""
"","3204","test_single_content_topic[/app/20/sometopic/someencoding]","tests.sharding","Thu Mar 05 04:37:53 UTC 2026","passed","Thu Mar 05 04:37:56 UTC 2026","TestRunningNodesAutosharding","test_running_nodes_auto_sharding","",""
"","3959","test_ping_only_some_nodes_have_subscriptions","tests.filter","Thu Mar 05 04:32:51 UTC 2026","passed","Thu Mar 05 04:32:55 UTC 2026","TestFilterMultipleNodes","test_multiple_nodes","",""
"","44012","test_chain_of_relay_nodes","tests.e2e","Thu Mar 05 04:33:11 UTC 2026","passed","Thu Mar 05 04:33:55 UTC 2026","TestE2E","test_e2e","",""
"","5048","test_light_push_with_valid_payloads","tests.light_push","Thu Mar 05 04:35:13 UTC 2026","passed","Thu Mar 05 04:35:18 UTC 2026","TestLightPushPublish","test_publish","",""
"","3756","test_sender_uses_regular_api_receiver_uses_auto_api","tests.sharding","Thu Mar 05 04:34:19 UTC 2026","failed","Thu Mar 05 04:34:23 UTC 2026","TestRunningNodesAutosharding","test_running_nodes_auto_sharding","",""
"","3150","test_filter_get_message_after_node1_restarts","tests.filter","Thu Mar 05 04:37:02 UTC 2026","passed","Thu Mar 05 04:37:05 UTC 2026","TestFilterGetMessages","test_get_messages","",""
"","4","test_publish_with_invalid_meta","tests.relay","Thu Mar 05 04:35:50 UTC 2026","passed","Thu Mar 05 04:35:50 UTC 2026","TestRelayPublish","test_publish","",""
"","3528","test_subscribe_via_api_to_new_content_topics[content_topic_list0]","tests.sharding","Thu Mar 05 04:38:02 UTC 2026","passed","Thu Mar 05 04:38:06 UTC 2026","TestRelayAutosharding","test_relay_auto_sharding","",""
"","10","test_filter_ping_on_subscribed_peer","tests.filter","Thu Mar 05 04:41:21 UTC 2026","passed","Thu Mar 05 04:41:21 UTC 2026","TestFilterPing","test_ping","",""
"","3216","test_main_node_full__peer_full","tests.light_push","Thu Mar 05 04:33:55 UTC 2026","passed","Thu Mar 05 04:33:58 UTC 2026","TestRunningNodes","test_running_nodes","",""
"","13459","test_relay_different_latency_between_two_nodes[500]","tests.e2e","Thu Mar 05 04:34:34 UTC 2026","passed","Thu Mar 05 04:34:47 UTC 2026","TestNetworkConditions","test_network_conditions","",""
"","229","test_filter_unsubscribe_from_single_content_topic","tests.filter","Thu Mar 05 04:35:01 UTC 2026","passed","Thu Mar 05 04:35:01 UTC 2026","TestFilterUnSubscribe","test_unsubscribe","",""
"","0","test_valid_payloads_with_optional_nodes_at_slow_rate","tests.relay","Thu Mar 05 04:31:51 UTC 2026","skipped","Thu Mar 05 04:31:51 UTC 2026","TestRelayRLN","test_rln","",""
"","2030","test_filter_get_message_with_150_kb_payload","tests.filter","Thu Mar 05 04:33:09 UTC 2026","passed","Thu Mar 05 04:33:11 UTC 2026","TestFilterGetMessages","test_get_messages","",""
"","4144","test_store_lightpushed_message","tests.store","Thu Mar 05 04:38:14 UTC 2026","passed","Thu Mar 05 04:38:18 UTC 2026","TestRunningNodes","test_running_nodes","",""
"","24","test_filter_ping_on_peer_without_subscription","tests.filter","Thu Mar 05 04:34:50 UTC 2026","passed","Thu Mar 05 04:34:50 UTC 2026","TestFilterPing","test_ping","",""
"","4282","test_multiple_content_topics_same_shard[content_topic_list1]","tests.sharding","Thu Mar 05 04:35:16 UTC 2026","passed","Thu Mar 05 04:35:20 UTC 2026","TestRunningNodesAutosharding","test_running_nodes_auto_sharding","",""
"","37996","test_store_node_not_connected_directly_to_relaying_node","tests.e2e","Thu Mar 05 04:31:56 UTC 2026","passed","Thu Mar 05 04:32:34 UTC 2026","TestE2E","test_e2e","",""
"","0","test_valid_payloads_dynamic_at_spam_rate","tests.relay","Thu Mar 05 04:31:51 UTC 2026","skipped","Thu Mar 05 04:31:51 UTC 2026","TestRelayRLN","test_rln","",""
"","103055","test_store_sync_after_partition_under_100_msgs","tests.store_sync","Thu Mar 05 04:41:11 UTC 2026","passed","Thu Mar 05 04:42:54 UTC 2026","TestStoreSync","test_store_sync","",""
"","846","test_different_cursor_and_indexes[2-4]","tests.store","Thu Mar 05 04:42:46 UTC 2026","passed","Thu Mar 05 04:42:46 UTC 2026","TestCursor","test_cursor","",""
"","4015","test_single_pubsub_topic[/waku/2/rs/2/1]","tests.sharding","Thu Mar 05 04:34:24 UTC 2026","passed","Thu Mar 05 04:34:28 UTC 2026","TestRunningNodesStaticSharding","test_running_nodes_static_sharding","",""
"","0","test_valid_payloads_at_spam_rate","tests.relay","Thu Mar 05 04:31:51 UTC 2026","skipped","Thu Mar 05 04:31:51 UTC 2026","TestRelayRLN","test_rln","",""
"","45","test_store_with_one_content_topic","tests.store","Thu Mar 05 04:35:17 UTC 2026","passed","Thu Mar 05 04:35:17 UTC 2026","TestTopics","test_topics","",""
"","22606","test_relay_with_latency_between_two_nodes","tests.e2e","Thu Mar 05 04:32:39 UTC 2026","passed","Thu Mar 05 04:33:02 UTC 2026","TestNetworkConditions","test_network_conditions","",""
"","13945","test_auto_shard_relay_10_nwaku_nodes","tests.sharding","Thu Mar 05 04:38:13 UTC 2026","passed","Thu Mar 05 04:38:27 UTC 2026","TestMultipleNodes","test_multiple_nodes","",""
"","4","test_filter_update_subscription_with_pubsub_topic_list_instead_of_string","tests.filter","Thu Mar 05 04:41:24 UTC 2026","passed","Thu Mar 05 04:41:24 UTC 2026","TestFilterSubscribeUpdate","test_subscribe_update","",""
"","380","test_filter_subscribe_to_pubsub_topics_from_multiple_clusters","tests.filter","Thu Mar 05 04:34:54 UTC 2026","passed","Thu Mar 05 04:34:54 UTC 2026","TestFilterSubscribeCreate","test_subscribe_create","",""
"","26","test_publish_while_peer_is_paused","tests.relay","Thu Mar 05 04:35:53 UTC 2026","passed","Thu Mar 05 04:35:53 UTC 2026","TestRelayPublish","test_publish","",""
"","212","test_get_store_messages_with_wrong_typo_content_topic","tests.store","Thu Mar 05 04:36:58 UTC 2026","passed","Thu Mar 05 04:36:58 UTC 2026","TestApiFlags","test_api_flags","",""
"","843","test_message_with_both_ephemeral_true_and_false","tests.store","Thu Mar 05 04:35:11 UTC 2026","passed","Thu Mar 05 04:35:12 UTC 2026","TestEphemeral","test_ephemeral","",""
"","2687","test_cant_publish_on_not_subscribed_shard","tests.sharding","Thu Mar 05 04:41:07 UTC 2026","failed","Thu Mar 05 04:41:10 UTC 2026","TestRelayStaticSharding","test_relay_static_sharding","",""
"","25469","test_relay_different_latency_between_two_nodes[5000]","tests.e2e","Thu Mar 05 04:32:21 UTC 2026","passed","Thu Mar 05 04:32:47 UTC 2026","TestNetworkConditions","test_network_conditions","",""
"","0","test_sync_nodes_are_relay","tests.store_sync","Thu Mar 05 04:43:19 UTC 2026","skipped","Thu Mar 05 04:43:19 UTC 2026","TestStoreSync","test_store_sync","",""
"","4876","test_admin_peers_stats_counts","tests.rest_flags","Thu Mar 05 04:35:39 UTC 2026","passed","Thu Mar 05 04:35:44 UTC 2026","TestAdminFlags","test_admin_flags","",""
"","1042","test_light_push_after_receiving_node_restarts","tests.light_push","Thu Mar 05 04:40:31 UTC 2026","passed","Thu Mar 05 04:40:32 UTC 2026","TestLightPushPublish","test_publish","",""
"","1752","test_message_relayed_before_store_node_is_started","tests.store","Thu Mar 05 04:34:36 UTC 2026","passed","Thu Mar 05 04:34:38 UTC 2026","TestReliability","test_reliability","",""
"","2566","test_admin_set_all_log_levels","tests.rest_flags","Thu Mar 05 04:33:46 UTC 2026","passed","Thu Mar 05 04:33:49 UTC 2026","TestAdminFlags","test_admin_flags","",""
"","2088","test_cursor_near_end","tests.store","Thu Mar 05 04:36:01 UTC 2026","passed","Thu Mar 05 04:36:03 UTC 2026","TestCursor","test_cursor","",""
"","3535","test_single_pubsub_topic[/waku/2/rs/2/0]","tests.sharding","Thu Mar 05 04:37:58 UTC 2026","passed","Thu Mar 05 04:38:01 UTC 2026","TestRunningNodesStaticSharding","test_running_nodes_static_sharding","",""
"","11","test_filter_unsubscribe_from_101_content_topics","tests.filter","Thu Mar 05 04:33:32 UTC 2026","passed","Thu Mar 05 04:33:32 UTC 2026","TestFilterUnSubscribe","test_unsubscribe","",""
"","3942","test_lightpush","tests.discv5","Thu Mar 05 04:32:31 UTC 2026","passed","Thu Mar 05 04:32:35 UTC 2026","TestDiscv5","test_discv5","",""
"","0","test_idle_filter_subscriptions_after_node_disconnection","tests.filter","Thu Mar 05 04:32:41 UTC 2026","skipped","Thu Mar 05 04:32:41 UTC 2026","TestIdleSubscriptions","test_idle_subscriptions","",""
"","10","test_light_push_with_missing_payload","tests.light_push","Thu Mar 05 04:33:13 UTC 2026","passed","Thu Mar 05 04:33:13 UTC 2026","TestLightPushPublish","test_publish","",""
"","3488","test_relay_peers_on_shard_schema","tests.rest_flags","Thu Mar 05 04:38:06 UTC 2026","passed","Thu Mar 05 04:38:10 UTC 2026","TestAdminFlags","test_admin_flags","",""
"","3250","test_log_level_NOTICE_from_INFO","tests.rest_flags","Thu Mar 05 04:34:40 UTC 2026","passed","Thu Mar 05 04:34:43 UTC 2026","TestAdminFlags","test_admin_flags","",""
"","2598","test_main_node_relay_lightpush__peer_only_filter","tests.light_push","Thu Mar 05 04:34:25 UTC 2026","passed","Thu Mar 05 04:34:28 UTC 2026","TestRunningNodes","test_running_nodes","",""
"","4005","test_main_node_only_lightpush__peer_full","tests.light_push","Thu Mar 05 04:33:32 UTC 2026","passed","Thu Mar 05 04:33:36 UTC 2026","TestRunningNodes","test_running_nodes","",""
"","798","test_relay_get_message_after_one_peer_was_stopped","tests.relay","Thu Mar 05 04:33:31 UTC 2026","passed","Thu Mar 05 04:33:31 UTC 2026","TestRelayMultipleNodes","test_multiple_nodes","",""
"","3396","test_subscribe_via_api_to_new_pubsub_topics","tests.sharding","Thu Mar 05 04:41:11 UTC 2026","passed","Thu Mar 05 04:41:15 UTC 2026","TestRelayStaticSharding","test_relay_static_sharding","",""
"","3205","test_unsubscribe_from_some_content_topics[content_topic_list1]","tests.sharding","Thu Mar 05 04:34:20 UTC 2026","failed","Thu Mar 05 04:34:23 UTC 2026","TestRelayAutosharding","test_relay_auto_sharding","",""
"","139","test_light_push_and_retrieve_duplicate_message","tests.light_push","Thu Mar 05 04:41:36 UTC 2026","passed","Thu Mar 05 04:41:36 UTC 2026","TestLightPushPublish","test_publish","",""
"","2083","test_invalid_page_size","tests.store","Thu Mar 05 04:35:00 UTC 2026","passed","Thu Mar 05 04:35:02 UTC 2026","TestPageSize","test_page_size","",""
"","8552","test_multiple_lightpush_nodes","tests.light_push","Thu Mar 05 04:33:41 UTC 2026","passed","Thu Mar 05 04:33:49 UTC 2026","TestMultipleNodes","test_multiple_nodes","",""
"","1","test_metadata_protocol_mounted_also_on_non_1_clusters","tests.logs","Thu Mar 05 04:34:36 UTC 2026","passed","Thu Mar 05 04:34:36 UTC 2026","TestLogs","test_logs","",""
"","2652","test_sender_uses_auto_api_receiver_uses_regular_api","tests.sharding","Thu Mar 05 04:38:07 UTC 2026","passed","Thu Mar 05 04:38:10 UTC 2026","TestRunningNodesAutosharding","test_running_nodes_auto_sharding","",""
"","835","test_passing_invalid_cursor","tests.store","Thu Mar 05 04:35:07 UTC 2026","passed","Thu Mar 05 04:35:08 UTC 2026","TestCursor","test_cursor","",""
"","2661","test_lightpush_with_a_single_receiving_node","tests.light_push","Thu Mar 05 04:34:30 UTC 2026","passed","Thu Mar 05 04:34:33 UTC 2026","TestRunningNodes","test_running_nodes","",""
"","271","test_filter_subscribe_refresh","tests.filter","Thu Mar 05 04:34:03 UTC 2026","passed","Thu Mar 05 04:34:04 UTC 2026","TestFilterSubscribeCreate","test_subscribe_create","",""
"","3837","test_2_nodes_different_content_topic_same_shard","tests.sharding","Thu Mar 05 04:35:31 UTC 2026","failed","Thu Mar 05 04:35:35 UTC 2026","TestRunningNodesAutosharding","test_running_nodes_auto_sharding","",""
"","3410","test_content_topic_also_in_docker_flags[/toychat/2/huilong/proto]","tests.sharding","Thu Mar 05 04:34:40 UTC 2026","failed","Thu Mar 05 04:34:43 UTC 2026","TestRunningNodesStaticSharding","test_running_nodes_static_sharding","",""
"","0","test_light_push_and_retrieve_100_messages","tests.light_push","Thu Mar 05 04:41:38 UTC 2026","skipped","Thu Mar 05 04:41:38 UTC 2026","TestLightPushPublish","test_publish","",""
"","1416","test_publishing_node_restarts","tests.store","Thu Mar 05 04:42:33 UTC 2026","passed","Thu Mar 05 04:42:35 UTC 2026","TestReliability","test_reliability","",""
"","4","test_light_push_with_invalid_version","tests.light_push","Thu Mar 05 04:37:27 UTC 2026","passed","Thu Mar 05 04:37:27 UTC 2026","TestLightPushPublish","test_publish","",""
"","7","test_store_with_unknown_pubsub_topic","tests.store","Thu Mar 05 04:43:17 UTC 2026","passed","Thu Mar 05 04:43:17 UTC 2026","TestTopics","test_topics","",""
"","420","test_get_store_duplicate_messages","tests.store","Thu Mar 05 04:37:14 UTC 2026","passed","Thu Mar 05 04:37:14 UTC 2026","TestGetMessages","test_get_messages","",""
"","83060","test_store_sync_small_sync_range","tests.store_sync","Thu Mar 05 04:37:29 UTC 2026","passed","Thu Mar 05 04:38:52 UTC 2026","TestStoreSync","test_store_sync","",""
"","6920","test_sync_with_one_node_with_delayed_start","tests.store_sync","Thu Mar 05 04:42:41 UTC 2026","passed","Thu Mar 05 04:42:48 UTC 2026","TestStoreSync","test_store_sync","",""
"","4","test_filter_subscribe_with_invalid_request_id","tests.filter","Thu Mar 05 04:39:52 UTC 2026","passed","Thu Mar 05 04:39:52 UTC 2026","TestFilterSubscribeCreate","test_subscribe_create","",""
"","16457","test_get_peers","tests.peer_connection_management","Thu Mar 05 04:34:17 UTC 2026","passed","Thu Mar 05 04:34:33 UTC 2026","TestPeerStore","test_peer_store","",""
"","4","test_filter_unsubscribe_with_no_pubsub_topic","tests.filter","Thu Mar 05 04:39:56 UTC 2026","passed","Thu Mar 05 04:39:56 UTC 2026","TestFilterUnSubscribe","test_unsubscribe","",""
"","171","test_relay_get_message_while_one_peer_is_paused","tests.relay","Thu Mar 05 04:39:06 UTC 2026","passed","Thu Mar 05 04:39:06 UTC 2026","TestRelayMultipleNodes","test_multiple_nodes","",""
"","836","test_store_with_excessive_length_hash","tests.store","Thu Mar 05 04:37:28 UTC 2026","passed","Thu Mar 05 04:37:29 UTC 2026","TestHashes","test_hashes","",""
"","4163","test_check_sync_when_2_nodes_publish","tests.store_sync","Thu Mar 05 04:35:18 UTC 2026","passed","Thu Mar 05 04:35:22 UTC 2026","TestStoreSync","test_store_sync","",""
"","2037","test_publish_with_payload_less_than_150_kb","tests.relay","Thu Mar 05 04:33:36 UTC 2026","passed","Thu Mar 05 04:33:38 UTC 2026","TestRelayPublish","test_publish","",""
"","506","test_relay_subscribe_with_multiple_overlapping_pubsub_topics","tests.relay","Thu Mar 05 04:39:15 UTC 2026","passed","Thu Mar 05 04:39:16 UTC 2026","TestRelaySubscribe","test_subscribe","",""
"","231","test_publish_with_ephemeral","tests.relay","Thu Mar 05 04:34:44 UTC 2026","passed","Thu Mar 05 04:34:44 UTC 2026","TestRelayPublish","test_publish","",""
"","24916","test_different_cursor_and_indexes[110-120]","tests.store","Thu Mar 05 04:35:03 UTC 2026","passed","Thu Mar 05 04:35:28 UTC 2026","TestCursor","test_cursor","",""
"","8845","test_sync_with_nodes_restart__case1","tests.store_sync","Thu Mar 05 04:35:39 UTC 2026","passed","Thu Mar 05 04:35:48 UTC 2026","TestStoreSync","test_store_sync","",""
"","5175","test_light_push_with_valid_content_topics","tests.light_push","Thu Mar 05 04:33:42 UTC 2026","passed","Thu Mar 05 04:33:47 UTC 2026","TestLightPushPublish","test_publish","",""
"","4","test_filter_unsubscribe_all_with_extra_field","tests.filter","Thu Mar 05 04:37:24 UTC 2026","passed","Thu Mar 05 04:37:24 UTC 2026","TestFilterUnSubscribeAll","test_unsubscribe_all","",""
"","2911","test_2_nodes_different_content_topic_different_shard","tests.sharding","Thu Mar 05 04:34:23 UTC 2026","failed","Thu Mar 05 04:34:26 UTC 2026","TestRunningNodesAutosharding","test_running_nodes_auto_sharding","",""
"","224","test_on_empty_postgress_db","tests.store","Thu Mar 05 04:36:52 UTC 2026","passed","Thu Mar 05 04:36:53 UTC 2026","TestExternalDb","test_external_db","",""
"","633","test_filter_subscribe_to_multiple_pubsub_topic_from_same_cluster","tests.filter","Thu Mar 05 04:33:24 UTC 2026","passed","Thu Mar 05 04:33:25 UTC 2026","TestFilterSubscribeCreate","test_subscribe_create","",""
"","459","test_message_relayed_while_store_node_is_paused","tests.store","Thu Mar 05 04:39:33 UTC 2026","passed","Thu Mar 05 04:39:33 UTC 2026","TestReliability","test_reliability","",""
"","4960","test_get_peers_for_blank_node","tests.peer_exchange","Thu Mar 05 04:34:29 UTC 2026","passed","Thu Mar 05 04:34:34 UTC 2026","TestPeerExchange","test_peer_exchange","",""
"","6","test_light_push_with_missing_content_topic","tests.light_push","Thu Mar 05 04:37:46 UTC 2026","passed","Thu Mar 05 04:37:46 UTC 2026","TestLightPushPublish","test_publish","",""
"","14","test_filter_update_subscription_add_101_new_content_topics","tests.filter","Thu Mar 05 04:37:12 UTC 2026","passed","Thu Mar 05 04:37:12 UTC 2026","TestFilterSubscribeUpdate","test_subscribe_update","",""
"","5920","test_sync_nodes_are_not_relay_and_have_storenode_set","tests.store_sync","Thu Mar 05 04:37:39 UTC 2026","passed","Thu Mar 05 04:37:45 UTC 2026","TestStoreSync","test_store_sync","",""
"","219","test_store_with_peerAddr","tests.store","Thu Mar 05 04:42:42 UTC 2026","passed","Thu Mar 05 04:42:42 UTC 2026","TestApiFlags","test_api_flags","",""
"","10","test_filter_update_subscription_with_no_pubsub_topic","tests.filter","Thu Mar 05 04:33:35 UTC 2026","passed","Thu Mar 05 04:33:35 UTC 2026","TestFilterSubscribeUpdate","test_subscribe_update","",""
"","3692","test_unsubscribe_from_non_subscribed_pubsub_topics","tests.sharding","Thu Mar 05 04:34:19 UTC 2026","passed","Thu Mar 05 04:34:23 UTC 2026","TestRelayStaticSharding","test_relay_static_sharding","",""
"","33924","test_relay_receiving_node_not_connected_directly_to_lightpushing_node","tests.e2e","Thu Mar 05 04:32:51 UTC 2026","passed","Thu Mar 05 04:33:25 UTC 2026","TestE2E","test_e2e","",""
"","2644","test_single_pubsub_topic[/waku/2/rs/8/0]","tests.sharding","Thu Mar 05 04:34:13 UTC 2026","passed","Thu Mar 05 04:34:15 UTC 2026","TestRunningNodesStaticSharding","test_running_nodes_static_sharding","",""
"","4141","test_subscribe_via_api_to_new_content_topics[content_topic_list1]","tests.sharding","Thu Mar 05 04:33:59 UTC 2026","passed","Thu Mar 05 04:34:04 UTC 2026","TestRelayAutosharding","test_relay_auto_sharding","",""
"","133","test_light_push_with_valid_version","tests.light_push","Thu Mar 05 04:40:19 UTC 2026","passed","Thu Mar 05 04:40:19 UTC 2026","TestLightPushPublish","test_publish","",""
"","1257","test_time_filter_small_timestamp","tests.store","Thu Mar 05 04:35:11 UTC 2026","passed","Thu Mar 05 04:35:12 UTC 2026","TestTimeFilter","test_time_filter","",""
"","52062","test_store_sync_five_node_mesh_burst","tests.store_sync","Thu Mar 05 04:35:36 UTC 2026","passed","Thu Mar 05 04:36:28 UTC 2026","TestStoreSync","test_store_sync","",""
"","3916","test_multiple_content_topics_same_shard[content_topic_list0]","tests.sharding","Thu Mar 05 04:35:11 UTC 2026","failed","Thu Mar 05 04:35:15 UTC 2026","TestRunningNodesAutosharding","test_running_nodes_auto_sharding","",""
"","0","test_main_node_only_lightpush__peer_only_lightpush","tests.light_push","Thu Mar 05 04:37:29 UTC 2026","skipped","Thu Mar 05 04:37:29 UTC 2026","TestRunningNodes","test_running_nodes","",""
"","24","test_light_push_with_invalid_payloads","tests.light_push","Thu Mar 05 04:33:57 UTC 2026","passed","Thu Mar 05 04:33:57 UTC 2026","TestLightPushPublish","test_publish","",""
"","127","test_relay_subscribe_to_single_pubsub_topic","tests.relay","Thu Mar 05 04:33:52 UTC 2026","passed","Thu Mar 05 04:33:52 UTC 2026","TestRelaySubscribe","test_subscribe","",""
"","20758","test_different_page_size[99]","tests.store","Thu Mar 05 04:39:08 UTC 2026","passed","Thu Mar 05 04:39:29 UTC 2026","TestPageSize","test_page_size","",""
"","3807","test_multiple_content_topics_and_multiple_pubsub_topics","tests.sharding","Thu Mar 05 04:42:30 UTC 2026","passed","Thu Mar 05 04:42:34 UTC 2026","TestRunningNodesAutosharding","test_running_nodes_auto_sharding","",""
"","24","test_publish_with_invalid_timestamps","tests.relay","Thu Mar 05 04:39:12 UTC 2026","passed","Thu Mar 05 04:39:12 UTC 2026","TestRelayPublish","test_publish","",""
"","139","test_relay_unsubscribe_from_single_pubsub_topic","tests.relay","Thu Mar 05 04:33:37 UTC 2026","passed","Thu Mar 05 04:33:37 UTC 2026","TestRelaySubscribe","test_subscribe","",""
"","10","test_filter_subscribe_to_101_content_topics","tests.filter","Thu Mar 05 04:33:29 UTC 2026","passed","Thu Mar 05 04:33:29 UTC 2026","TestFilterSubscribeCreate","test_subscribe_create","",""
"","2914","test_2_nodes_different_cluster_different_shard","tests.sharding","Thu Mar 05 04:34:56 UTC 2026","passed","Thu Mar 05 04:34:59 UTC 2026","TestRunningNodesStaticSharding","test_running_nodes_static_sharding","",""
"","16","test_relay_unsubscribe_with_invalid_pubsub_topic_format","tests.relay","Thu Mar 05 04:34:07 UTC 2026","passed","Thu Mar 05 04:34:07 UTC 2026","TestRelaySubscribe","test_subscribe","",""
"","5","test_filter_subscribe_with_no_content_topic","tests.filter","Thu Mar 05 04:35:10 UTC 2026","passed","Thu Mar 05 04:35:10 UTC 2026","TestFilterSubscribeCreate","test_subscribe_create","",""
"","838","test_store_invalid_ascending","tests.store","Thu Mar 05 04:35:03 UTC 2026","passed","Thu Mar 05 04:35:03 UTC 2026","TestSorting","test_sorting","",""
"","10","test_light_push_with_invalid_meta","tests.light_push","Thu Mar 05 04:34:22 UTC 2026","passed","Thu Mar 05 04:34:22 UTC 2026","TestLightPushPublish","test_publish","",""
"","99824","test_relay_packet_loss_applied_mid_way","tests.e2e","Thu Mar 05 04:34:40 UTC 2026","passed","Thu Mar 05 04:36:20 UTC 2026","TestNetworkConditions","test_network_conditions","",""
"","5718","test_store_with_long_string_pubsub_topic","tests.store","Thu Mar 05 04:35:51 UTC 2026","passed","Thu Mar 05 04:35:57 UTC 2026","TestTopics","test_topics","",""
"","229","test_filter_unsubscribe_with_very_large_request_id","tests.filter","Thu Mar 05 04:33:57 UTC 2026","passed","Thu Mar 05 04:33:57 UTC 2026","TestFilterUnSubscribe","test_unsubscribe","",""
"","128128","test_relay_packet_loss_sender_vs_receiver","tests.e2e","Thu Mar 05 04:32:49 UTC 2026","passed","Thu Mar 05 04:34:57 UTC 2026","TestNetworkConditions","test_network_conditions","",""
"","159","test_light_push_with_payload_of_150_kb","tests.light_push","Thu Mar 05 04:38:46 UTC 2026","passed","Thu Mar 05 04:38:47 UTC 2026","TestLightPushPublish","test_publish","",""
"","7","test_store_is_empty","tests.store","Thu Mar 05 04:34:47 UTC 2026","passed","Thu Mar 05 04:34:47 UTC 2026","TestGetMessages","test_get_messages","",""
"","4502","test_single_content_topic[/app/27/sometopic/someencoding]","tests.sharding","Thu Mar 05 04:34:07 UTC 2026","passed","Thu Mar 05 04:34:12 UTC 2026","TestRunningNodesAutosharding","test_running_nodes_auto_sharding","",""
"","1200","test_filter_unsubscribe_all_from_multiple_pubsub_topics","tests.filter","Thu Mar 05 04:33:36 UTC 2026","passed","Thu Mar 05 04:33:37 UTC 2026","TestFilterUnSubscribeAll","test_unsubscribe_all","",""
"","3610","test_pubsub_topic_not_in_docker_flags","tests.sharding","Thu Mar 05 04:38:02 UTC 2026","passed","Thu Mar 05 04:38:06 UTC 2026","TestRunningNodesStaticSharding","test_running_nodes_static_sharding","",""
"","0","test_publish_and_retrieve_100_messages","tests.relay","Thu Mar 05 04:38:06 UTC 2026","skipped","Thu Mar 05 04:38:06 UTC 2026","TestRelayPublish","test_publish","",""
"","92985","test_filter_3_senders_multiple_msg_1_receiver","tests.e2e","Thu Mar 05 04:32:36 UTC 2026","passed","Thu Mar 05 04:34:08 UTC 2026","TestE2E","test_e2e","",""
"","4656","test_filter_get_message_while_one_peer_is_paused","tests.filter","Thu Mar 05 04:41:10 UTC 2026","passed","Thu Mar 05 04:41:15 UTC 2026","TestFilterMultipleNodes","test_multiple_nodes","",""
"","133","test_message_published_on_different_pubsub_topic_is_not_retrieved","tests.relay","Thu Mar 05 04:34:40 UTC 2026","passed","Thu Mar 05 04:34:40 UTC 2026","TestRelayPublish","test_publish","",""
"","41554","test_max_page_size","tests.store","Thu Mar 05 04:41:48 UTC 2026","passed","Thu Mar 05 04:42:29 UTC 2026","TestPageSize","test_page_size","",""
"","40013","test_store_no_peer_selected","tests.e2e","Thu Mar 05 04:31:56 UTC 2026","passed","Thu Mar 05 04:32:36 UTC 2026","TestE2E","test_e2e","",""
"","37687","test_store_node_not_connected_directly_to_lightpushing_node","tests.e2e","Thu Mar 05 04:31:46 UTC 2026","passed","Thu Mar 05 04:32:24 UTC 2026","TestE2E","test_e2e","",""
"","971","test_light_push_with_payload_of_1_MB","tests.light_push","Thu Mar 05 04:35:24 UTC 2026","passed","Thu Mar 05 04:35:25 UTC 2026","TestLightPushPublish","test_publish","",""
"","0","test_valid_payloads_random_user_message_limit","tests.relay","Thu Mar 05 04:31:51 UTC 2026","skipped","Thu Mar 05 04:31:51 UTC 2026","TestRelayRLN","test_rln","",""
"","2547","test_admin_peers_stats_schema","tests.rest_flags","Thu Mar 05 04:33:42 UTC 2026","passed","Thu Mar 05 04:33:45 UTC 2026","TestAdminFlags","test_admin_flags","",""
"","4162","test_different_cursor_and_indexes[19-20]","tests.store","Thu Mar 05 04:36:32 UTC 2026","passed","Thu Mar 05 04:36:37 UTC 2026","TestCursor","test_cursor","",""
"","26664","test_relay_different_latency_between_two_nodes[7000]","tests.e2e","Thu Mar 05 04:34:22 UTC 2026","passed","Thu Mar 05 04:34:48 UTC 2026","TestNetworkConditions","test_network_conditions","",""
"","246","test_relay_subscribe_to_already_existing_pubsub_topic","tests.relay","Thu Mar 05 04:33:50 UTC 2026","passed","Thu Mar 05 04:33:51 UTC 2026","TestRelaySubscribe","test_subscribe","",""
"","2659","test_resubscribe_to_unsubscribed_content_topics","tests.sharding","Thu Mar 05 04:36:43 UTC 2026","failed","Thu Mar 05 04:36:45 UTC 2026","TestRelayAutosharding","test_relay_auto_sharding","",""
"","1251","test_time_filter_negative_start_time","tests.store","Thu Mar 05 04:39:41 UTC 2026","passed","Thu Mar 05 04:39:42 UTC 2026","TestTimeFilter","test_time_filter","",""
"","882","test_light_push_with_valid_timestamps","tests.light_push","Thu Mar 05 04:40:07 UTC 2026","passed","Thu Mar 05 04:40:08 UTC 2026","TestLightPushPublish","test_publish","",""
"","222","test_store_with_wrongPeerAddr","tests.store","Thu Mar 05 04:41:34 UTC 2026","passed","Thu Mar 05 04:41:34 UTC 2026","TestApiFlags","test_api_flags","",""
"","10","test_filter_subscribe_with_no_pubsub_topic","tests.filter","Thu Mar 05 04:34:07 UTC 2026","passed","Thu Mar 05 04:34:07 UTC 2026","TestFilterSubscribeCreate","test_subscribe_create","",""
"","113","test_filter_get_message_with_version","tests.filter","Thu Mar 05 04:33:05 UTC 2026","passed","Thu Mar 05 04:33:06 UTC 2026","TestFilterGetMessages","test_get_messages","",""
"","6","test_store_with_unknown_pubsub_topic_but_known_content_topic","tests.store","Thu Mar 05 04:39:19 UTC 2026","passed","Thu Mar 05 04:39:19 UTC 2026","TestTopics","test_topics","",""
"","3","test_publish_with_invalid_version","tests.relay","Thu Mar 05 04:38:05 UTC 2026","passed","Thu Mar 05 04:38:05 UTC 2026","TestRelayPublish","test_publish","",""
"","3651","test_multiple_content_topics_different_shard","tests.sharding","Thu Mar 05 04:42:25 UTC 2026","passed","Thu Mar 05 04:42:29 UTC 2026","TestRunningNodesAutosharding","test_running_nodes_auto_sharding","",""
